doc_id,title,section,extraction_method,word_count,arabic_ratio,language_assessment,quality_flags,beginning_sample,middle_sample,end_sample,needs_review
constitution_jordan_2022,ุงูุฏุณุชูุฑ ุงูุฃุฑุฏูู ูุนุงู 2022,ุงูุฏุณุชูุฑ ุงูุฃุฑุฏูู,unknown,11168,0.721,PRIMARILY_ARABIC,,5 ุฏุณุชูุฑ ุงูููููุฉ ุงุฃูุฑุฏููุฉ ุงููุงุดููุฉ ุงููุตู ุงุฃููู ุงูุฏููุฉ ููุธุงู ุงูุญูู ูููุง ุงููุงุฏุฉ1 ุงูููููุฉ ุงุฃู ุฑุฏููุฉ ุงููุงุดููุฉ ุฏููุฉ ุนุฑุจูุฉ ูุณุชููุฉ ุฐุงุช ุณูุงุฏุฉ ููููุง ุงู ูุชุฌุฒ ุฃ ูุงู ููุฒู ุนู ุดูุก ููู ุ ูุงูุดุนุจ ุงุฃู ุฑุฏูู ุฌุฒุก ูู ุงุฃู ูุฉ...,( 2 ) ุงููุงุฏุฉ71 ( 3 ) ( 4 ) 1. ุชุฎุชุต ูุญููุฉ ุงูุชูููุฒ ุจุญู ุงููุตู ูู ุตุญุฉ ููุงุจุฉ ุฃุนุถุงุก ูุฌูุณ ุงูููุงุจ ูููุง ุฃูุญูุงู ุงููุงููู ุนูู ุฃู ููุฏู ุงูุทุนู ุฎุงูู ุฎูุณุฉ ุนุดุฑ ูููุง ูู ุชุงุฑูุฎ ูุดุฑ ูุชุงุฆุฌ ุงุงููุชุฎุงุจุงุช ูู ุงูุฌุฑูุฏุฉ ุงูุฑุณููุฉ ูุนูู,1 ุ 109 ุ 112 ุ 119 ุ 122 ุ 128 67 ุ 127 5138 ู5139 1/9/ 2014 5299 12 40 ุ 42 ุ 50 ุ 69 ุ 75 ุ 127 2573 - 2575 5/5/ 2016 5396 13 ุ ุงููุตู ุงูุซุงูู6 ุ 40 ุ 44 ุ 52 ุ 53 ุ 54 ุ 60 ุ 61 ุ 64 ุ 67 ุ 69 ุ 70 ...,False
laws_15,ูุงููู ุบุฑู ุงูุตูุงุนุฉ ุฑูู 10 ูุณูุฉ 2005,ุงูููุงููู,ocr_pytesseract,3174,0.0,PRIMARILY_ENGLISH,"LOW_ARABIC, NO_LEGAL_TERMS",Se YVAN 9pAA Tf gr (171) Sool! tion lgp alg Let Ldone 0) 5 Lie te sLing ofl) oligo yg NN le Sol nai  gl cp sitad oI A dol Youd dad (1) ad ooild Asal Syรฉ Kygi8 9G Cpe 4p forag (1-60 Rand Aelia! 5 y Cyg...,AUF (Sho Ming! Lagd of dye! Lgageede Bate gf Ug flo! loro eG 449 gl ud] jUgbl of Mlaru gf SUgIL ulovodl b ginal! jo yo pub 1311-1 A5.,GlBgd vant pgiSall chy pill cia gy 2 giSall NaN pis _ Ast els ty ike gleall Lar gl 93S y Agi SALA Gy gpl a anal) Gale Gali gauill tind gt ag Sh aed 3 gr ws corres) Hs Joshi) 559 Aaileall Ayaicll alall...,True
laws_18,ูุงููู ุญูุงูุฉ ุงูุงูุชุงุฌ ุงููุทูู ุฑูู 21 ูุณูุฉ 2004,ุงูููุงููู,ocr_pytesseract,2652,0.0,PRIMARILY_ENGLISH,"LOW_ARABIC, NO_LEGAL_TERMS",99 AA er (11) So Lt ati lp ly OL et Lleol te sLitg ofr ol p-alig 51 og WI le Gola ! gal sla It a siloly Yoat Aud (V4) of) cagild eee TW Yl ogi 4 forug (To   Riad ogi! CLI Alam ogil5) og iLAIT ie coms ...,gonna poi UT YU oleig ASU! ofall Gulag Ub! slau Wai laat Sill equa! ages ote 3b pty Lee pd gill CVU ola ASlgd pill SUNT psy 13 pune f31 ll  Ungligtenl (oF gl pqs! 29 OAM 8 (02) 9 (I) coed sil Geats Ma...,la elle 5 sisal AG) iy _ ws SGN! g Atal JRAYI a jy Ad abet iy Ayisaall 5g sil Aelia) dail) ail iss ggtlel) Conall g thay pa JE Qusiquall gS 9) VAL agenall ga) ally Qudigall  g he j plat sisal cust) au...,True
laws_19,ูุงููู ุงูุฃุณูุงุก ุงูุชุฌุงุฑูุฉ ุฑูู 9 ูุณูุฉ 2006,ุงูููุงููู,ocr_pytesseract,2029,0.0,PRIMARILY_ENGLISH,"LOW_ARABIC, NO_LEGAL_TERMS",AyoSlyll Ago Y! ACLool! Elle Guard Cyl SW! at ae Gd 99 ee (11) Sol et rnin lpg OL ne! Lloro) Sle ste rLng ool lig I og ST le Gola  Lgl citys I 45lolg Tas  Abad (8) aby oy gilt By yo! claw! gi Fey Cpe ...,pew VI ad cle Ris yg y0 ey pal)  Aaa a5 SAU SRT YT feat Cally pall 8 Blt eke SyLEa TULA  Salad! od yo () 5 i oS 049 low poe gM cle -E cat trend Sole! Cle of Solel os pS Y Lily aula pi Su!,5-3 _ Relagy! atl SU 5 daa Cle gleall Lin gl yiS3y Jag) gh) glad 5 sisal Jbaai yale gl pe,True
laws_20,ูุงููู ุงูุฅุนูุงุก ูู ุงูุฃููุงู ุงูุนุงูุฉ ุฑูู 28 ูุณูุฉ 2006,ุงูููุงููู,ocr_pytesseract,429,0.0,PRIMARILY_ENGLISH,"LOW_ARABIC, NO_LEGAL_TERMS",n Ape lgl A091 Wael Elle Geno! cyt IW! abot ue od 99_  aaert n (171) Soleo ats gg Let Llone 0) 5 Lo gle rng opel pol 5! og ST te Gola Ta Ql cp ig (oI! Asin Veo t Abad (VA) aby cil dala! flood! co SUEY...,"4 : . OY Hasd (TE) pe By Lis wo! Jlgee Yl pe SEM gi _ eb -1 ES Lal! Lx! lt . as of 3 PLT 0 Ad LS SA Cool IS! Si Gi PEL Jou YG  gil tos  CGSB Tse lol ain Srgilo 15 jolly 1, 9d!","iB sams ousgll 7s 3 Feleall Ayadll 39 Ash 3S cee ri] AGU pl og 525. 99 eS 4 95. eoghll Jole 3 35ull laws! Bye 9 gS! 8 ay CYL js ucla! Ayes! JUV), a! ciloglall Ler glgiSiy Soy) bi) Gloghs 4 35. 0! shes...",True
laws_22,ูุงููู ุงูุฑูุงุจุฉ ูุงูุชูุชูุด ุนูู ุงูุฃูุดุทุฉ ุงูุงูุชุตุงุฏูุฉ ุฑูู 33 ูุณูุฉ 2017,ุงูููุงููู,ocr_pytesseract,2920,0.0,PRIMARILY_ENGLISH,"LOW_ARABIC, NO_LEGAL_TERMS","ound  A patty Agia 8) AS Leal) cle Cpl Cel ALN alae ya 9  il Gee (8) Salat (ct, hop ihy GLE Lda oy Bs (ple sling octyl g (FY) yg i (te gala np Ad oll Gil ob il) Atel g YeNy Laud (PT) a8 gil AysleaBy) ...",gall o1re  apis Gedy Lad oS) Glee Aataj tS 8 Ley att! - lin oll) ag 5g ile Liinalls od pally dilell (3) gui (til gallg GLY guatl eas Gl gaudy GllLanall pLGil  Lite yl y Lgddtil.,Blade bya ois oy) es) Data rebacllg PN ae Tallites alyim gal prec pte tll Btu weper pee Sye nt) ici pial dcp Shem doar aie say oaly oan Teh Sap Sty lla data Cas taya alana glo vase hight Tabiglpiall d...,True
laws_24,ูุงููู ุชูุธูู ูููุฉ ุงููุญุงุณุจุฉ ุงููุงููููุฉ ุงููุคูุช ุฑูู 73  ูุณูุฉ 2003,ุงูููุงููู,ocr_pytesseract,4415,0.0,PRIMARILY_ENGLISH,"LOW_ARABIC, NO_LEGAL_TERMS",yr at Lent Lis V1 claoll elle eyacrll Of gil abl ne god Il gant (AE) Bola (1) 5 all sation PoP PUNY ty FL jg I yulore 0) Ble gale sLuisg PM a cgi ole yy taal (11) Solel aatiy Gola Bhatt ital age _ning...,"Lal Rall Caiady (31-9 oT He 43d 1, 6 ye lags cy EJ blelt Jorst loll Cp SF ga Gable pei ogo quel ud) Sern Y   4b, Jlool (Agl oll Bjlo-f doen Judy  dalle cle Uiblgal!",. 5 Ayn JS) Coa'ptll Uys yd bean on jal blaily deta AS gy Lea ASN dss BN cage punky gS Coan pala cgall yi Guid Che ysis _ A as jaa ls eal aly ssa ee ; gpg Lath iy ais Leys Lys Yeti Gait sae ysl yale S...,True
laws_25,ูุงููู ุงูุฅุนุณุงุฑ ุฑูู 21 ูุณูุฉ 2018,ุงูููุงููู,ocr_pytesseract,16993,0.0,PRIMARILY_ENGLISH,"LOW_ARABIC, NO_LEGAL_TERMS",ata  A patlg) Agia) As Leal) Alle Cuawell Cul QUEM able Gal Sill Ge () Bal al (cat Goes Gh) L_sulaa o Bla te sling a1 LN gall Gait gf Coll Atal g Ve VA Add (V9) aby sil wey) sila 3) uci! dale alsai da...,Cand Vg Cy gTLAN 1a Cpa Qautl) acai (6B Ugale (ye puaiall Bae el gill sey Agaageill Ata yall (gi baal) ple 453) gall _ egalty ciluad 8 yo. tua oi AbSN te Gal icy! AAS 3) Saal) oda Cpe (i) BRAN (28 apg...,ois ois os) ebay aN TrSuballGaptily Atal sata alga SHpM ada dal pa gent Tatil dal pple too soem Sel Sol Balen ge Thanh Tae hal Cally athyit Tila cra tUialga Coenen cla! atau eae 98 args poli ge oem tt...,True
laws_27,ูุงููู ุถูุงู ุงูุญููู ุจุงูุงููุงู ุงููููููุฉ ุฑูู 20 ูุณูุฉ 2018โ,ุงูููุงููู,ocr_pytesseract,4540,0.0,PRIMARILY_ENGLISH,"LOW_ARABIC, NO_LEGAL_TERMS","YYAY A petlg) Agha ) Asbeal) le Gell Cyt pill) alae Gal Ql! Ce (yr ) Saal) (tie, hoes Gye) Lalas oy Bs (le sling onal alg 9) Gg Sta (te gala a1 LN gall Gat gf (oll 4a Ve VA Add ( ) ay Cg ill AL Bal Sl...",Ga pray cpl gf paliions gh pike ogi jpda cole (gil nd So gail  oli} Guy AaB gl) Buell JS LEG Leute lita! ga Ct plgl ABE ILS SEY) aly Gi le olgedil y Laxal,ay ean Ft oo) giles lye gal pegs ygieienlll SiN dee deol pee pecs Trabshall 5a Ny Halal ates Cradtd alga Sell Tatiglyiall ole (ole tlio 9iseemill Sel Salo Salons Age Ble Meal pho yids alba Trapt Masih...,True
systems_41,ูุธุงู ุงูุนูุงูุงุช ุงูุชุฌุงุฑูุฉ ูุชุนุฏููุงุชู ุฑูู 1 ูุณูุฉ 1952,ุงูุฃูุธูุฉ,ocr_pytesseract,5879,0.0,PRIMARILY_ENGLISH,"LOW_ARABIC, NO_LEGAL_TERMS",arig ILA Glogle ol Glas 5 5jo ADALEH Center for Legal Information InfoAdaleh. tnto V4ey Aiud Vad) Addins Ayla! ) Gldlal! ala VAOVV YN Tees VY 4 aby Apemayll Baal) ase Ge PAV Aadsall 16) giiiall V4 Oy ...,0 Salad  galicy) Aaa ob Gull) 65Ub al 13) ciytuaall Sal) alah oye GIS 13) Lad ball slaved gal Casall le Gang Gabjio VI Aone cob Alba gli al 1 chel ob Gaia! GIS gl Led lela) SIS Gains (Seal!,11 ye -  Alpine dyylet Adle lara cle U5 de ad cle] lb . 1V Y. -  allaill aa Gye VY Salell aster (Siri ela! Gil . 1A Ys -  asad Wyyruay Sales (sl il 14 Yeoo-  allaill Las Gd Gai dle ay al lb gl 1) 2022...,True
systems_42,ูุธุงู ุญูุงูุฉ ุงูุชุตุงููู ููุฏูุงุฆุฑ ุงููุชูุงููุฉ ุฑูู 93 ูุณูุฉ 2002,ุงูุฃูุธูุฉ,ocr_pytesseract,3766,0.0,PRIMARILY_ENGLISH,"LOW_ARABIC, NO_LEGAL_TERMS","Gig LA Cilogle ol Glas j5j0 ADALEH Center for Legal Information InfoAdaleh. tnfo YoY Adad At ad, Abalsial) pilgall areluaill dylan alli Vee NV a [PV Gegtly 0V9 phy Apouupll Sayyall ase Ga 0140 Aadsall...",) Calle (ja anally cad Gud Go ADL Guy ALSs 9! Gh call Ge cabll e855 ob  ALM lS cye AAaaiy Gall lle Genel Alans Abe cf Leal! atl ll Lay Qilbslls 4 Sala) coe (TA)3 (YO) 5 (VE) 3 (YY) algal plSal Gall ll...,Glyiall  adsl  ALISial) tlyall arelaill Jars Lb Ge Cgalll Ge jal Le Le: aul ada ald seecieeereeeeteeresieeneneeeeeieees BU gts due ye Gall ullle Gyie Ji ullils rune! 20220926,True
systems_43,ูุธุงู ุงูุฑุณูู ุงูุตูุงุนูุฉ ูุงูููุงุฐุฌ ุงูุตูุงุนูุฉ ุฑูู 52 ูุณูุฉ 2002,ุงูุฃูุธูุฉ,ocr_pytesseract,4884,0.0,PRIMARILY_ENGLISH,"LOW_ARABIC, NO_LEGAL_TERMS",aig iLal Glogle ol Glac 5 5j0 ADALEH Center for Legal information InfoAdaleh. tnto Yee Aiud OY 28) Lolicall dhaitly Lcticall agua! alles Vee VoVVeeyy 0V aby Areal! Baya) was Ge 1644 Aaduall pl gitiall...,"Sapndll Calle (oll Ugie 45 anual! Y"" Sala gt Mele Geageentall lid pally Sbiall ye Aud als GUL Ge Leg GED DL  inal GILLI",Glace Caahyall ates Bilal eiay MailSs Claas Seal: (4) Caicall  gee eleilly Silysall Syley Claes: () Caicall  Al ake ool bo Sd ay Y Lee Gibally alebll yuan loess Sjea'Vl (171) Caiuall  GAL Sule yiie (T...,True
systems_44,ูุธุงู ุจุฑุงุกุงุช ุงูุงุฎุชุฑุงุน ูุชุนุฏููุงุชู ุฑูู 97 ูุณูุฉ 2001,ุงูุฃูุธูุฉ,ocr_pytesseract,4495,0.0,PRIMARILY_ENGLISH,"LOW_ARABIC, NO_LEGAL_TERMS",Qrig ial! Glogle- ol Hac j5y0 ADALEH Center for Legal Information InfoAdalen. tnfo Yoo) Ahad 4V aby Atdhaeds E1389) Cilply ali Vee dV VV 0 Geutiy COV aby) Apel) Sayall wae Ge OVA Anduall (glo giiiall ...,V  asl abo oly A  Webleds Leas early Apleall Sas 4  AushsY) ode GM Sell atid Sle Gd Goll! GUN Lyd ad (ill Alyally Rn Gs dash I Clb ay 1 Beball ay 983 ea gl Gad cysilll Gye (1A) Salal,) ond eASy Soon cod Uspuill aed ay 14 Oe edby! alb. Y- . paall Ide 8 Gad dale ay al cil gl. ) 2 Bala) Cdjart wY0Y4 Aiud  aly Janell aUlaill Gorges Uysal laa eanal 18a  20220925,True
systems_50,ูุธุงู ุฑุณูู ุงูููุฏ ูู ุงูุณุฌู ุงูุชุฌุงุฑู ุฑูู 70 ูุณูุฉ 2004,ุงูุฃูุธูุฉ,ocr_pytesseract,546,0.0,PRIMARILY_ENGLISH,"LOW_ARABIC, NO_LEGAL_TERMS","yvyy 29 n on ( 11) Sood cation Ve TIT  Gomes sles 1) jg pelos 0 ad bo gle cling 1 iT pal aogs poli Yost Aiud (Vs) ply alli Sa Joell 8 atl pga, lls (TT) Solel! gatiay pole VAMA dad (1A) 8, 8 oul Melua!...",Somall cual oe Syabe Obly st oe lol 1jGio-s  Obed dled a5 ogerg pay Wadg obo! Soll OULwT spo ost ole pat ele I ye pis dod ! Agllac! ! Oud!,Vales geall 53) iy Qudiqall gotta Saath y pall apbeill say _ ows Bau [Ab 33 ay ANS gly Aarall wisy Fal) ag 'pelt Ha gS) paul pa lh GDUES aluac 5 siS. all Chay hll dea al 8 sisal! OR paul,True
systems_52,ูุธุงู ุณุฌู ุงูุชุฌุงุฑุฉ ูุชุนุฏููุงุชู ุฑูู 130 ูุณูุฉ 1966,ุงูุฃูุธูุฉ,ocr_pytesseract,1592,0.0,PRIMARILY_ENGLISH,"LOW_ARABIC, NO_LEGAL_TERMS",___   Adaleh www. adaleh. com TelFax: 06 5336652 Email: infoadaleh. com is 7 YANG Abad V1  pb) ADbysedy Slat) Sous ala  VANTIN AS eats V4 6 aby Apel Bay yall sse Gye VV EY Aadsall (gle) gill VANS Aad ...,"huis Qe BOIS GI Guin Sales 5! tintin. alba (ll slaill 93 . 0  -ASLeal! Jala gyladll alad GIS, seed Led (A OSL! 21  ' spdinains LeilSes age US 55 Ay lis aeulilly elaill Uaall Sols ais Guesiall claul . ...",Caiuall lad Yo Ql Gall Gis Ne ee iyanla eateall alas : YO bald) ADL gh pall Ge Calley Sauall Ge oly 3} ab gl cS ge Lub (Yo ) opsf fergie Ley Gell cual iyi 2 V0 ball vase yalue 518 US Sypue Ge aaly lio...,True
systems_58,ูุธุงู ุณุฌู ุงูุญููู ุนูู ุงูุงููุงู ุงููููููุฉ ุฑูู 125 ูุณูุฉ 2018,ุงูุฃูุธูุฉ,ocr_pytesseract,2360,0.0,PRIMARILY_ENGLISH,"LOW_ARABIC, NO_LEGAL_TERMS",vue ae A petg gia) Asda lbs Cyl Goal (git alae Gai ll Ge (1) ) Stal (cat VeVALV VY Gest 1 iol ulne 0b Le gle sling ar AW) alll) edags jal Al ghia Spe) le Gj gal) aus alldi CA (4) BAM g (1) Saal) Cpe (...,led! Jaa Joey It  CSUN Cpa (14) SaLal} alsa cone VUAA Cla) (AGA ja Sail) Slice (ied LB fda GL -) 10 Sala BABU Cyt) gl Gua gay Ab pda Age Cpe oral (-d Jdrall gh Aled) Clin,"geal allt due 7b ntigl! ais ais ais ois Nl lreaal ange Treas  Sop ge G HLS yeild oon poeno pel wntigll Ciley, gfh Slee deans 9s!",True
systems_59,ูุธุงู ูุญุฏุฉ ููุงูุญุฉ ุบุณู ุงูุฃููุงู ูุชูููู ุงูุฅุฑูุงุจ ูุชุนุฏููุงุชู ุฑูู 40 ูุณูุฉ 2009,ุงูุฃูุธูุฉ,ocr_pytesseract,1846,0.0,PRIMARILY_ENGLISH,"LOW_ARABIC, NO_LEGAL_TERMS","Page  of 7 Adaleh www. adaleh. com TelFax: 06 5336652 Email: infoadaleh. com Ati eee . 2009 Aid 4095, Airlysniy td YI Ja seiy Lyall Jad dadice bans alibi 200971 61: 4970 08) Ares! Saati ste ye 3026 Aa...","f o Veigyas Cole Bebda tl SESS AN CulsLencaly Lag 8 artngy Clay! aged Saclh ante Bilge Glagles gf GLb, shy Lusidall SV) Slgally Alo Slgall ayy",18 datal)  ayhl Cig gly AseeyM Cilgall pl Baal GRe Acaydy cya sl Baaall aly eglsts - J A bedle Gaal! dade Gar Bang! ib ye Ge Calegs sl Gas ol aly  A LG bast) Gay) Qa  Nadees Wd eesti os oO! cle allail...,True
instructions_72,ุชุนูููุงุช ุฅุฌุฑุงุกุงุช ููู ููููุฉ ุงูุงุณู ุงูุชุฌุงุฑู ูุฑููููู ูุงูุญุฌููุฒ ุนููููู ูุณุงุฆููุฑ ุงูุชุตุฑูููุงุช ุงููุงููููููุฉ ุงููุชุนููุฉ ุจู ุจูุง ูู ุฐูู ุงูุชุฑุฎูุต ุจุงุณุชุบูุงูู ุฑูู (32) ูุณูุฉ 2016,ุงูุชุนูููุงุช,ocr_pytesseract,1308,0.0,PRIMARILY_ENGLISH,"LOW_ARABIC, NO_LEGAL_TERMS",Galante yoatill datah Ski call pif ethan death) eile pci  jemntled  demas peti deme 99 V V7 delat (FV) Olly Ad Miicaatld yeah Sill dD p bod de Gila  Vo 0 dead (4) (Olly Sets laatell sheadill cyglld (0...,8 og Lat) al) Quad Galle aia ( Laill Sau) Alas Lag si ay ll AR) GA) Rapin RL ABS A) Gig a i) pads Qo gills ya gall JB Gye Babel) ode cya (i) SGN) Gb Atal Gili gl) aya Gye - pein) ay yall 9) Brcinall d...,ay ODE! Gagai 6 Capel) CGY (glad aad GF goad cil Giga 4 wo) SB Ge Gola) au) Ghd Gil Giga AN Ol gle OF Gr mel TA gai A EG Ol gic CE Gi mel Tapa 4  Elzas) Gb gi lad Taga V AG ASIN) Clash pyaitty Adal y ...,True
instructions_73,ุชุนูููุงุช ุชุฑุฎูุต ููุงุฑุณุฉ ุงูููู ูู ุฏุงุฎู ุงูููุฒู ูุณูุฉ 2020 ูุชุนุฏููุงุชูุง,ุงูุชุนูููุงุช,ocr_pytesseract,3051,0.0,PRIMARILY_ENGLISH,"LOW_ARABIC, NO_LEGAL_TERMS",a RA coat shen seta 3 tciletatainad (0) Bal eatingiad Osha  VV  daanal Soil hha co N9A0 daaal (V) Olly GaVbsined 9 glen cain colt Vsti y cdl ono (ty Sal! g 2 (1) Salat! Ugg deanag (Yoo Ys abad jiall S...,olall jalosdgag AUN gs Bou Ge Cle) -  Auladill (gle Jala dyay - _ CHIN olyes Antlell olpall Udy wail ali agay  Adds aun g ALncdie Cy gS hy Cy Silly CLO y yew jenede GS -  oll) Gall Leduad GLY! Qt Abus...,AS geal! Ad gidall ule)  Ausdtluul! AS ganall  auljie Abas) JUL A yal Ge 1 alas [er  hes dilol dias,True
instructions_74,ุชุนูููุงุช ุชุฑุฎูุต ุงููุฎุงุจุฒ ูุณูุฉ 2021,ุงูุชุนูููุงุช,ocr_pytesseract,2160,0.0,PRIMARILY_ENGLISH,"LOW_ARABIC, NO_LEGAL_TERMS","0 9 end ed cia . Syasstosl jotutig aiaAga, 29545) 48114 un ---20211230 sy 2021 Aiud LQ) py td  hy Dhan Syleilly Ze liall capild ye (21) Sala) Crnsgey cpl} Dydd GbadLell its  plead) Gad Aabaiall Atal G...",gle cillllye jae ac gf Aiilyall pao Aiilyll Cue cya Atlelly Aap (gL Lal ome Ainlll ad  Adil ya) Cuts 13) Aaya cin Lag yd Gatasiy,mit. govjo so JN atl. or Slyyyay le rrs pt ant Vovery a; SE 4 1 ower eal dewanmit. gov. jor i. jSSMv5 451,True
instructions_75,ุชุนูููุงุช ูุฌูุฉ ุงูุฑูุงุจุฉ ุนูู ุจูุน ุงููุญุฑููุงุช ูุณูุฉ 2010,ุงูุชุนูููุงุช,ocr_pytesseract,710,0.0,PRIMARILY_ENGLISH,"LOW_ARABIC, NO_LEGAL_TERMS",PXE Cea Capt cya (21) Salad steady Bjaleall cil yaad) aay cpl Alb M dias colales ADiyiai'y 1998 Aiud (18) aby Bulag Actual Mog ang Gilligan) gous ppl AGU dint Gbytes Glyteill oe (pau -: (1) sola) Wa J...,coal cigtall y Ate: pol gendy Ley Qa stl cpl Ase we Cilla Jrnee aod Ba) gl  ggSdall Janay AS Mad Aygal ig tall i . 2 ru  BSS Aint Cig Gd gale Ga quail Ciel yay y cola ial!,stall Blhaan As pd On 52) 51 qed! gh oni dla gig Caglit) plsa lady Ugdny ApigMall cilpl pay) MGI py Ande Ce tpg Ss Ha sal sa Fe GH gl Blane AS po p juli -2(9) Balad pa 26 ge hued Gill BAAN Ge chy jara...,True
instructions_76,ุชุนูููุงุช ุชุณุฌูู ุงููุฎุงุจุฒ ูุตุฑู ุจุทุงูุงุช ุงูุทุญูู ุฑูู 8 ูุณูุฉ 2013,ุงูุชุนูููุงุช,ocr_pytesseract,1091,0.0,PRIMARILY_ENGLISH,"LOW_ARABIC, NO_LEGAL_TERMS",SR  aE el yg tlh Jentetd toned Wand fabiniaall 5 alee 1-19 dail (Ay ody cyaantall cilillag AGA diated (VA) poly Syhantellg Seo hdaaaall ygald quo (11) Saldl Ce Ue eas ( pal) cbs Ci ry Juldal) ued Glau...,"slat Sault pb  wbLiall pill ab)  HIG ab yg Luadill, Lal oig",Wigs 5 yaluall Gel aly GALI all tes wCilaglell oa Uyeda Oly ys GU ilglal aa a Bulag delicall jy ike gleall Lag gl giSig CY LAAIY agg,True
instructions_77,ุชุนูููุงุช ุชุณุฌูู ูุชุฑุฎูุต ูุทุงุญู ุงูููุญ ูุงูุญุจูุจ ูุณูุฉ 2010,ุงูุชุนูููุงุช,ocr_pytesseract,486,0.0,PRIMARILY_ENGLISH,"LOW_ARABIC, NO_LEGAL_TERMS",I sisal y Gall Gale Gad hg Seat SS T99S Ried (18) aby Sag Metical 18 oye (4) Saba! ) y (21) Sata) ai cpl) alu Byala ot bee Sets (2010 ald mga y Gail! als Gad iy dead Gly) clated OM pau 1 Agee Saya! ) ...,tall Qa ig a geal) Gualally Ht Ga SS Aa yey ual! Auli Ait sia Lb Je 4  ADE Sl gb Als Jog Cost LiL  Asal 5 Lal) yy igal alall Gud) sols - Cg paalls Bla Ay yoo poe  Acsdliall 4 yaa yas - ADSM Ost poe - ...,CLY Auad pally Alana! Gabba! ) le jl] Fh peg goal) AMT cunts p geal uals) sean Guabelly Galati Gil) ) gus Galbal aus le 13 Slagle gy CIA apap Shale) ola cn gay Lead pally Aneel Sei Gallas) le spt 4 PA...,True
instructions_78,ุชุนูููุงุช ุจูุน ุงูููุงุฏ ุงูุชูููููุฉ ูุขููุฉ ุชูุฒูุนูุง ูุณูุฉ 2017,ุงูุชุนูููุงุช,ocr_pytesseract,8926,0.0,PRIMARILY_ENGLISH,"LOW_ARABIC, NO_LEGAL_TERMS",Yeo) oat Boel thteiclanad CyB Aart AGA Add (VA) ab SyLadll y AeLinall Gy gil Ga (11) Saal! alsayy jalti) Aka gill ol gall aouad Lada AIG) ibaglel) lana 2()) Bala) SHS AWS 5 Galland abl Sls ayy Adecati...,-9 Ogue) Gua diate) oan c- Ado 9 Sl gies ued Sal Gaba) i py AsalaN a) gly Gd! eens bliiay) -1  ABA 515 oll ABB gay YY Cdl csi Ge Gali,98 5a Ga ish Adllaal) 1S he dy -. NAGA Abad (VA) ab) Se geal g SyLaaly Ac Linall 6 sith Gye (i 1V) Sala} Gua ally  ADyaeiy 2() ) Sale) Bet ebay LE ol SR ha kag TeV VVV Gals Cee bse! GLa) oda gpa Slate...,True
instructions_81,ุชุนููููุงุช ุงูุชุฃุฌูุฑ ุงูุชููููู ูุงูุชุฃุฌูููุฑ ุงูููุชูููู ุจุงูุชููููู ูุชุทุจููู ูุนุงูููุฑ ุงููุญุงุณุจููุฉ ุงูุฏููููุฉ ุงููุชุนููููุฉ ุจูุง ุฑูู (7) ูุณูุฉ  2015,ุงูุชุนูููุงุช,ocr_pytesseract,917,0.0,PRIMARILY_ENGLISH,"LOW_ARABIC, NO_LEGAL_TERMS",YO daimatdl (VY) Olly Gates ct ldaicinatal ai  ce] dll yainhiell ila elas Gamal) Gentil Gempaatlial) yenedlite Gentatlatl hentai! (eat) Bylall  1 deat (11) oly Jib all dandy Gal Go (1) Salk! olSard fa...,1)   MBL) GT) ald g (gill) alsal aby pilvall 5 Gall Quail Ga 9) Gy Cabal Auta) Aga Garg ol pill Od Aad Gu 50l5 Gl Ge Sagal dus pa oad) UB) Gey Alfie CL Us Sal Slay) Sal) As Cob  Gal) elit gala ol pd G...,au) 2(A)baba Falaieg SALW) Clay pitt) Guages Jalil da gies ciplic) 9) Like Lb Jagall gies  2(4)5abal) gly lag V6 V0 Ai ls Clase) ode (pubs lighe gia ana) 2 TT),True
instructions_82,ุชุนููููุงุช ุงูุชุฃุฌูุฑ ุงูุชููููู ูุงูุชุฃุฌูููุฑ ุงูููุชูููู ุจุงูุชููููู ูุชุทุจููู ูุนุงูููุฑ ุงููุญุงุณุจููุฉ ุงูุฏููููุฉ ุงููุชุนููููุฉ ุจูุง ุฑูู (13) ูุณูุฉ 2010,ุงูุชุนูููุงุช,ocr_pytesseract,917,0.0,PRIMARILY_ENGLISH,"LOW_ARABIC, NO_LEGAL_TERMS",YO daimatdl (VY) Olly Gates ct ldaicinatal ai  ce] dll yainhiell ila elas Gamal) Gentil Gempaatlial) yenedlite Gentatlatl hentai! (eat) Bylall  1 deat (11) oly Jib all dandy Gal Go (1) Salk! olSard fa...,1)   MBL) GT) ald g (gill) alsal aby pilvall 5 Gall Quail Ga 9) Gy Cabal Auta) Aga Garg ol pill Od Aad Gu 50l5 Gl Ge Sagal dus pa oad) UB) Gey Alfie CL Us Sal Slay) Sal) As Cob  Gal) elit gala ol pd G...,au) 2(A)baba Falaieg SALW) Clay pitt) Guages Jalil da gies ciplic) 9) Like Lb Jagall gies  2(4)5abal) gly lag V6 V0 Ai ls Clase) ode (pubs lighe gia ana) 2 TT),True
instructions_83,ุงููุงุฆูุฉ ุงููุทููุฉ ููููุงุฏ ุซูุงุฆูุฉ ุงูุงุณุชุฎุฏุงู ุงูุชู ุชุฎุถุน ุงูู ุฑุฎุตุฉ ุชุตุฏูุฑ / ุงุนุงุฏุฉ ุชุตุฏูุฑ ุบูุฑ ุชููุงุฆูู ูุณูุฉ 2018,ุงูุชุนูููุงุช,ocr_pytesseract,84834,0.0,PRIMARILY_ENGLISH,"LOW_ARABIC, NO_LEGAL_TERMS",at Y 9A dalaatd CVA) golly bpd Dylon Aokinall 139 Go alee  dpi ppl g a) psa) Cy git Gye (0) Sskall alSal cap ges cpll Al gdall ladlaall oll falti! Sips) Cab BUag g yaad sll cpa (10) dulall alsaly AD u...,Ge SY aacte ysl Ves cya Sl p03 5 Ui ey Sanaa TO sla 20 ill pala  still Gad y  tale  OG AE yy gi Banas aad Lad (gece gh 12 pila gill aly 1g Lae  G19 ILE 5 tld Malley cand lb (pqall) educiall AS pall Gl...,9D103 3! 9D101 3 9B117 3! Sates poe Gilad gle 520i) U yall ye Ay gall LS pall pind Ayala ye cit pbs 9E102 pi hidicdin de m pball yo Yd 4y yaa  Ladall Ol pall  AS pial AS YI Ain  Ala Iall 34) 5 y Jad; ...,True
instructions_85,ุชุนูููุงุช ุชุญุฏูุฏ ูุฏุฏ ูุฅุฌุฑุงุกุงุช ุงุตุฏุงุฑ ุฅุดุนุงุฑ ุจุงูุชูุงู ุงููุนูููุงุช ูุงููุณุชูุฏุงุช ุงูุฎุงุตุฉ ุจุทูุจ ุงูููุงููุฉ ุนูู ุนูููุฉ ุงูุชุฑูุฒ ุงูุงูุชุตุงุฏู ุฑูู (2) ูุณูุฉ 2006,ุงูุชุนูููุงุช,ocr_pytesseract,263,0.0,PRIMARILY_ENGLISH,"LOW_ARABIC, NO_LEGAL_TERMS",ed ____ CN avnwall 9 Cla gheall JLaisly lad) plana} cieljals ate stad Cilaghed Yoh Abad (1) aby galeaiih 58 sl) AyLec (ple Lill yall cull Anal Yee Aina (YY) py Aasibial ( gild ce (Ve) o) Babe alsa Jal...,weg ps5 fea lt Coe Lash Legg castes (4) Bae PAS Alli) cations gf Cle gee tt () 5a cob gall sdial) Ciatinwall y ile gheally dy ural a,"plsal dle! ys gs Lins led) Jaina) iy yaa gle Glide Flay) Meise Ub, Aashall cihatiuall y Ag gga) col) GulaM puss Gest cya fags Leggy cytes Be DA Cilatiouall y Ciba gleal gsc HT gle ts pits Gslcillly de...",True
instructions_86,ุชุนูููุงุช ุชุญุฏูุฏ ุณูู ุญุตุฉ ุงูุณูู ูุบุงูุงุช ุชุนุฑูู ุงูุงุชูุงููุงุช ุถุนููุฉ ุงูุงุซุฑ ุฑูู 1 ูุณูุฉ 2004,ุงูุชุนูููุงุช,ocr_pytesseract,344,0.0,PRIMARILY_ENGLISH,"LOW_ARABIC, NO_LEGAL_TERMS","en Oe OA dae GLAU Gi gt GLU GG gull dues Clin tuted Glebe (9) Salat! plsa julia Sjaluat sf Aiud ( 4 ) aly Veet Ais (4) phy cagall Agia cy gil ye (ou) 6 ill a, Aiud (4) aby Lidia cy gid cya (a) Bill (0...",LAUD Apis jg maall Cdlalee cgllan} ye (ZY) Alay  f LBD Apathy Gyuall Cdlidee ogllaa} ua (WV) Atbally Voy Cpftin pd) DLS Gye Anam cglleal (8 dali cart al -g ch Ba) gD cull Ce Baal y Ay gia ALA Csi Ga (...,Cilaladll oda algal os pai SNe uel) Gall Beall y deLinall 355 4Oplal) aaa od,True
instructions_87,ุชุนูููุงุช ุชุณุฌูู ูุตุงูุน ุงูุงุณููุช ูุณูุฉ 2010,ุงูุชุนูููุงุช,ocr_pytesseract,240,0.0,PRIMARILY_ENGLISH,"LOW_ARABIC, NO_LEGAL_TERMS",I OG I) blatantly 5 yale cielataall) Geile Jurca Gilad NAGA deem (VA) polly Bsheracllg caslinaall gibi Guo (11) Salblg () Sald! BAS By 0 Lay Jamag (chia) ailae format Clabes ) clapledll 09 cad -)  Ago...,egal lige Byhjgl ghd lly pail Labo gh aioe lis] Gossage Gi de -1 aad Dy Joma lel sa] oo ol val sl B gant! 8 plall cao Rath yy chow goths 9 ailes lis} ol dl dial Bytyel B Jsis - : Oe JS dag,YO Wa gel i ol Gal de 0 Aged gpJldeb Eg rll G Ula pee  Lewy BL Rae LUI GIgeSU aed Je Bail  _ Byhjgl) II psd ays oo loge (10) 859 DS 5g) ness Gall SS 8 (10) Bo JUS Asad Cats gle Sly Gard il Ub wogesy 0...,True
instructions_88,ุชุนูููุงุช ุฎุงุตุฉ ุจูุฌูุฉ ุงูุชูุนูุฉ ูุงูุชูุฌูู ูุงูุฑูุงุจุฉ ุนูู ุงููุทุงุน ุงูุตูุงุนู ูุณูุฉ 2010,ุงูุชุนูููุงุช,ocr_pytesseract,1246,0.0,PRIMARILY_ENGLISH,"LOW_ARABIC, NO_LEGAL_TERMS","AS ' AME My a ily Aye gil Aig duals cages Vode Aiud yolinall LbaN te Anat VA pad, 5 jlaill y AeLinall gil Cpe () Saball cya (I) Sill Gar gay 5 polea  ADL 144A  1 balall EUAM ple AEN y dae silly doe gi...",Agua oy hia as Aut Aaa ae A Qaade Ail) Aga) Aig qual jag BAN) gudayy cob AS Udall 0  Agft) Aig) cleLeial cob As sled) 1 WJ AI any Aa gladd diye godt tly ALI 5g,cog Aah gaciead sey ALB Cpa Ags pal) AML ally Aube) Ayia DE Cpe AS glen g Ci gall gel) LG gill Agel) Sub cy Alin Ay gill GLY Ayla) 43 ila -YA bala) ge Agi Aa BAS al) Clg pdle y GLabeall uaed (6 gall j...,True
instructions_89,ุชุนูููุงุช ุชุนุฑูู ุงูููุดุฃ ุงูุงุฑุฏูู ูุณูุฉ 2012,ุงูุชุนูููุงุช,ocr_pytesseract,1108,0.0,PRIMARILY_ENGLISH,"LOW_ARABIC, NO_LEGAL_TERMS",grit yl Lei) dat pd cilenplad 0 H )5all) Yad oll abiciaally 5yalea NAGA deaatd 1A poly Sylaillg Aekinall ygild BE a ee Us hey (UN) Leal) Cig pn Lala) CoLguletll ods (pau 39! Apa gM Bay yal WY lbs) Arc...,Lge crag C28 ob Alga CLG Ales cd 1) Qa 8) Leite Ge Melia) ye SCN Cilla Gye coh cob yk go Jugal) teas goa ge da gat Aules Cigna GS (J jlie 1) Aye il) a gta) (5 giewe Cpl Ae Licaall (2S pool) ail ti ) W...,cial dla dy  Leda) Lyte eilcnall pte Lapel ode Gude ge Gi Wb OLS ool BIN pe: pile ASS ais La) sb aad Quast) Leal yy Arctica Atal Lb Gye plait we 19 Bil iglly Aginall Ay pal (8 og gals Blais Aelia) jy,True
instructions_93,ุชุนูููุงุช ููุงูุญุฉ ุบุณู ุงูุงููุงู ุงูุฎุงุตุฉ ุจุงูุดุฑูุงุช ุงูุชู ุชูุงุฑุณ ูุดุงุท ุงูุชุฃุฌูุฑ ุงูุชููููู ูุณูุฉ 2018,ุงูุชุนูููุงุช,ocr_pytesseract,6617,0.0,PRIMARILY_ENGLISH,"LOW_ARABIC, NO_LEGAL_TERMS",or caged gail) ilS pally Mell) ila sil agai Jlgat) Joud Amilo cilomlad GAWiLd gym (V0) Balbl coe ch Splilll cea gued 5 yaad V 1A deka cgubtQatetll satpbil talaisi (ety Bdillg (1) Balb) cow ch Bpll co ...,) thd) dalled cites oj dati AQUA) og) Gytetinall Alas oll gf CA gaill Udy te Y! Ja ged si Slga! ly Laalitiols As i al GY) caged ol Sige) Guy old) 855,asc an  . gtal) BBL Gib YI Ja getty SN ga) aut Aalilsce Gy ld A gale Gyo guaiall ib giells (14) Balas YO VY Abad ply gat 62geal) gslla a gentle B shanty Sokinall tig,True
instructions_95,ุชุนูููุงุช ุงุตุฏุงุฑ ุดูุงุฏุงุช ุงูููุดุฃ ูุณูุฉ 2013,ุงูุชุนูููุงุช,ocr_pytesseract,3432,0.0,PRIMARILY_ENGLISH,"LOW_ARABIC, NO_LEGAL_TERMS",Page 1 of 5 Adaleh www. adaleh. com TelFax: 06 5336652 Email: infoadaleh. com Ate 2013 Aid Lida) ciated laa) Cabal 201321 Gt 52028) rows S440) ase 4 394 dadsall ple 5) gti HE Csild Gs 24 Salat) 52003 ...,ye 2SLally Bolg) S804) 5 5 gl Asta) Catcall gh  Ubi ; Apis) chal (idl Ghote liiul meh case Ug Ail yall 51 gil Lal Sale le ddsLvally Cstinall 515 sll sil 50 a shy 9 16 baal) 1 WA ppt teal) g Liat) Ayia...,Ot eLul  Meelis ells (all gall J Gyo alin aghell 6 WH) ALLEY! aajtle Ast algal 18 bata) Hlaills Actual js gaypsall jule wa shimled ye 201411120,True
instructions_96,ุชุนูููุงุช ุงูุฑูุงุจุฉ ุนูู ุงูุงุณูุงู ุฑูู 13 ูุณูุฉ 2017,ุงูุชุนูููุงุช,ocr_pytesseract,2368,0.0,PRIMARILY_ENGLISH,"LOW_ARABIC, NO_LEGAL_TERMS",Ee ee your ciel Byakecll CF 4 ) dedeaal ( 1) hy Glgeaidl ote Sali gl cibennlad asa (194A) deal (VAygtlly phan lg Aeobinall cygild spo (1) Ball liad fabio! i()) 5a) CaS Oe ti Ugg hang (1 VV Aid a pel p...,ally Gf aglens aud  agile) . rl pall Sl pguee agle abigig Alas (ple AG fall Al gigeeall Jancis y AG gl) Aiea gy SRA Gal yall pte) Age tA Aa je gh Ayine Aabgipaue ols DRY) Cag Ally Ag yslity Gly get TA...,(gl) Sidall aul Ye GEY) UL Leia aia 1 AAG AL yaas og get! (VY) baba) AQ el SY AOU) CA gets plat) y GLa) oda alsa) Lat date Ly oad) yt aaaly 2(V A) babel) ABN 3 FBLA) IAN gh Cobagladl) 4als Lhe! ode at...,True
instructions_99,ุชุนูููุงุช ุงููุบุงูุงุฉ ูู ุงูุงุณุนุงุฑ ูุณูุฉ 2012,ุงูุชุนูููุงุช,ocr_pytesseract,171,0.0,PRIMARILY_ENGLISH,"LOW_ARABIC, NO_LEGAL_TERMS",ron 9 shail) p OWLS cilontaa aap V daimatd (N'Y) (Olly Mead! Qld Gyo (E1) Salk poland facies 5yaleall Baal) Bd GG Ge Ug any (sled 6b SL) Lala) Gael) ode Gaudi  Aga ob gale Ge pedal) ileal) ld CiLaglet...,"Crargall aida glly Qa Ail Gugall gle GLaleill oda Gabi 1 gly Lay unl 13) jrasall (ob Allie Adegrall Aeamagall int,  Boat bg Uda Alas By gueny Ae) Jay gh Andel yea -f ap gf Abed) CALS (28 pki CaS Y cay...",0 wrth Ly laa Assit) Jay gf Anbull Aged HSN y ual) rans Eyl pital 4ijle -j CAB LE LAs Jay gh lea) Gud Last) Jay gi dabull ayy leu) Ale - Agel) Clesdtl Jay gi ated! jleudy Lead Jay of Artal) aay yleul ...,True
laws_0,ูุงููู ุชูุฑูุฏ ูุงุฑุฏุงุช ุงูุฏูุงุฆุฑ ูุงููุญุฏุงุช ุงูุญููููุฉ ุฑูู 43 ูุณูุฉ 2015,ุงูููุงููู,unknown,772,0.454,PRIMARILY_ARABIC,,ูุฏุฑุงูุงpยฅยฃุฑุงูุง - ุงููุงุฏุฉ 1 ร- ุงููุงุฏุฉ 1 ยยฃ90ย- ุงููุงุฏุฉ 1 - ุงููุงุฏุฉ 2-10-10 ูุงูุฑุณูุง ุฎูุฑุงุช016ย01ย01 ูุงูุฑุณูุง ุฎูุฑุงุช9ยฅE ูุฏุฑุงูุง! H9ุฑุงูุง - ุงููุงุฏุฉ 1 ร- ุงููุงุฏุฉ 1 ยยฃ90ย- ุงููุงุฏุฉ 1 - ุงููุงุฏุฉ 2-10-10 ูุงูุฑุณูุง ุฎูุฑุงุช0...,ุงูุง09ยฃยย -&F |Yูุฏุฑุงูุงยฅยฃูุฏุฑุงูุงย ูุฏุฑุงูุงFยป; ูู ูุงุฑุงุจุชุนุง ูุจ ููุนูู ) ูุฏุฑุงูุง'Hูุฏุฑุงูุง^: ยปูุฏุฑุงูุงH Yยธ ยปูุฏุฑุงูุงFpย ยปูุฏุฑุงูุง+Hูุฏุฑุงูุง9ย ยปูุฏุฑุงูุงGV ูุฏุฑุงูุง0F1; ยปูุฏุฑุงูุงFYุฑุงูุง ยปูุฏุฑุงูุง*Yูุฏุฑุงูุง^F ยปูุฏุฑุงูุง..., 43 Vยฅ ยปูุฏุฑุงูุง0%9ยฅ ย3X 19 ยป309 *F 9p V ูุฏุฑุงูุง0 &H 9Yุฑุงูุง 2-10-10 ูุงูุฑุณูุง ุฎูุฑุงุช02-10-10 ูุงูุฑุณูุง ุฎูุฑุงุช3/11/142-10-10 ูุงูุฑุณูุง ุฎูุฑุงุช / 2-10-10 ูุงูุฑุณูุง ุฎูุฑุงุช; 3Y9-k! (9ยง / -139ย ูุฏุฑุงูุง,False
laws_1,ูุงููู ุงูููุงูุณุฉ ุฑูู (33) ูุณูุฉ 2004 ูุชุนุฏููุงุชู,ุงูููุงููู,unknown,6959,0.453,PRIMARILY_ARABIC,,ูุฏุฑุงูุงpยฅยฃุฑุงูุง - ุงููุงุฏุฉ 1 ร- ุงููุงุฏุฉ 1 ยยฃ90ย- ุงููุงุฏุฉ 1 - ุงููุงุฏุฉ ูุฏุฑุงูุง ! 03; ยปFย ูุฏุฑุงูุง*0ุนูุง ุกุฏุจู ุฉููุณุชูุง 2-90-10 ูุงูุฑุณูุง ุฎูุฑุงุช004ย09ย01 ูุงูุฑุณูุง ุฎูุฑุงุช9ยฅE ูุฏุฑุงูุง! H9ุฑุงูุง - ุงููุงุฏุฉ 1 ร- ุงููุงุฏุฉ 1 ยยฃ9...,3S P ูุฏุฑุงูุง 29ููุฑุนุช ยคูุฏุฑุงูุงููุฑุนุช ูุฏุฑุงูุง*q; ย ูุฏุฑุงูุง029ยธ ยปูุฏุฑุงูุง&q 39ููุฑุนุช ูุฏุฑุงูุง 93; ยย ยูุฏุฑุงูุง0! 90; [ ูุฏุฑุงูุงFูุฏุฑุงูุงยฃ ูุฏุฑุงูุง (; ูุฏุฑุงูุง*9; /019! ; ยปูุฏุฑุงูุง %H*9ููุฑุนุช ูุฏุฑุงูุง 9b; 29 ..., ; ! 9102-90-10 ูุงูุฑุณูุง ุฎูุฑุงุช |9Yุฑุงูุง ูุฏุฑุงูุง004 ; 1!  33 Vยฅ ยปูุฏุฑุงูุง0%9ยฅ ย3X 19 ยป309 *F 9p V ูุฏุฑุงูุง0 &H 9Yุฑุงูุง ุชุงุฑูุฎ ุงูุณุฑูุงู 01-09-20ุชุงุฑูุฎ ุงูุณุฑูุงู 01-09-23/10/05 13 / 13 ; 3Y9-k! (9...,False
laws_2,ูุงููู ุฑุณูู ุทูุงุจุน ุงููุงุฑุฏุงุช ุฑูู 20 ูุณูุฉ 2001,ุงูููุงููู,unknown,3375,0.578,PRIMARILY_ARABIC,,ูุฏุฑุงูุงpยฅยฃุฑุงูุง - ุงููุงุฏุฉ 1 ร- ุงููุงุฏุฉ 1 ยยฃ90ย- ุงููุงุฏุฉ 1 - ุงููุงุฏุฉ ูุฏุฑุงูุง ! 03; ยปFย ูุฏุฑุงูุง*0ุนูุง ุกุฏุจู ุฉููุณุชูุง 2-70-13 ูุงูุฑุณูุง ุฎูุฑุงุช001ย07ยร1 ูุงูุฑุณูุง ุฎูุฑุงุช9ยฅE ูุฏุฑุงูุง! H9ุฑุงูุง - ุงููุงุฏุฉ 1 ร- ุงููุงุฏุฉ 1 ยยฃ9...,"9ุณุฑูุง ุกุงููุชุณุง ูุฏุฑุงูุง, -Hย | ย } ุฐูููุชูุง ุฉุจูุงุฑูW ููุชูุง ุฉุจูุงุฑูยบ ูุฏุฑุงูุง09ยฃย } ูุฏุฑุงูุง, -Hย | ย } ย 1ุฐูููุชูุง ุฉุจูุงุฑู'99 ูุฏุฑุงูุง329 ุฐูููุชูุง ุฉุจูุงุฑู-Fูุฏุฑุงูุงยฅ ูุฏุฑุงูุง+Hูุฏุฑุงูุงุฐูููุชูุง ุฉุจูุงุฑู; ูุฏุฑุงูุง01&Yยฉ /...", 2-70-13 ูุงูุฑุณูุง ุฎูุฑุงุช0 Vยฅ ยปูุฏุฑุงูุง0%9ยฅ ย3ู ููุณุฑูุง ูููุชุณุช ูุฐูุง ุตุฎุดูุง 19 ยป309 *F 9p V ูุฏุฑุงูุง0 &H 9Yุฑุงูุง 2-70-13 ูุงูุฑุณูุง ุฎูุฑุงุช0/ร2-70-13 ูุงูุฑุณูุง ุฎูุฑุงุช11/1ร ร / ร ; 3Y9-k! (9ยง / -139ููุฑุนุช ...,False
laws_3,ูุงููู ุถุฑูุจุฉ ุงูุฏุฎู ูุชุนุฏููุงุชู ุฑูู 34 ูุณูุฉ 2014,ุงูููุงููู,unknown,26766,0.526,PRIMARILY_ARABIC,,ูุฏุฑุงูุงpยฅยฃุฑุงูุง - ุงููุงุฏุฉ 1 ร- ุงููุงุฏุฉ 1 ยยฃ90ย- ุงููุงุฏุฉ 1 - ุงููุงุฏุฉ ูุฏุฑุงูุง ! 03; ยปFย ูุฏุฑุงูุง*0ุนูุง ุกุฏุจู ุฉููุณุชูุง 2-10-10 ูุงูุฑุณูุง ุฎูุฑุงุช015ย01ย01 ูุงูุฑุณูุง ุฎูุฑุงุช9ยฅE ูุฏุฑุงูุง! H9ุฑุงูุง - ุงููุงุฏุฉ 1 ร- ุงููุงุฏุฉ 1 ยยฃ9...,/ุฑุงุนุชู ุชุงุญูุทุตู qยด ยคT H(; ูุงูุฑุณูุง ุฎูุฑุงุช-FV 399ย1| ; !  W ยฃ19ยฅ ยป09 p -ุนูุง ุกุฏุจู ุฉููุณุชูุง ููุฑุงุนุชู ุชุงุญูุทุตู93; ยปS ูุฏุฑุงูุง . 9ยธ Gูุฏุฑุงูุง ูุฏุฑุงูุง-9Yุฑุงูุง ยป 'P Hูุฏุฑุงูุงยฅ ูุฏุฑุงูุง0FH ูุฏุฑุงูุง01&Yยฉ /..., 2-10-10 ูุงูุฑุณูุง ุฎูุฑุงุช |9Yุฑุงูุง ูุฎุฏูุง ุฉุจูุฑุถH; ูุฏุฑุงูุงF ุนูุง ุกุฏุจู ุฉููุณุชูุง014 ; 1!  34 Vยฅ ยปูุฏุฑุงูุง0%9ยฅ ย3X 19 ยป309 *F 9p V ูุฏุฑุงูุง0 &H 9Yุฑุงูุง ุชุงุฑูุฎ ุงูุณุฑูุงู 01-01-20ุชุงุฑูุฎ ุงูุณุฑูุงู 01-01-23/11/...,False
laws_4,ูุงููู ุญูุงูุฉ ุงููุณุชููู ุฑูู (7) ูุณูุฉ 2017,ุงูููุงููู,unknown,4360,0.395,MIXED_ARABIC_ENGLISH,,ูุฏุฑุงูุงpยฅยฃุฑุงูุง - ุงููุงุฏุฉ 1 ร- ุงููุงุฏุฉ 1 ยยฃ90ย- ุงููุงุฏุฉ 1 - ุงููุงุฏุฉ 2-60-51 ูุงูุฑุณูุง ุฎูุฑุงุช017ย06ย15 ูุงูุฑุณูุง ุฎูุฑุงุช9ยฅE ูุฏุฑุงูุง! H9ุฑุงูุง - ุงููุงุฏุฉ 1 ร- ุงููุงุฏุฉ 1 ยยฃ90ย- ุงููุงุฏุฉ 1 - ุงููุงุฏุฉ 2-60-51 ูุงูุฑุณูุง ุฎูุฑุงุช0...,2/Tย1 ยT/2 ! 02-60-51 ูุงูุฑุณูุง ุฎูุฑุงุชย ูุฏุฑุงูุง Hูุฏุฑุงูุงยก ูุฏุฑุงูุง! 39 ; ูุฏุฑุงูุง*9;  1! 3S ูุฏุฑุงูุง*0U 3W ูุฏุฑุงูุง 29ย ูุฏุฑุงูุง [ ูุงูุฑุณูุง ุฎูุฑุงุช09ยฅยง ูุฏุฑุงูุง029ยธ ยคูุฏุฑุงูุงย ูุฏุฑุงูุง*q;  09; ูุฏุฑุงูุง ย ูุฏุฑุงูุง..., T/2 ! 02-60-51 ูุงูุฑุณูุง ุฎูุฑุงุช |9Yุฑุงูุง 09; ูุฏุฑุงูุง017 ; 1!  7 Vยฅ ยปูุฏุฑุงูุง0%9ยฅ ย3X 19 ยป309 *F 9p V ูุฏุฑุงูุง0 &H 9Yุฑุงูุง ุชุงุฑูุฎ ุงูุณุฑูุงู 15-06-20ุชุงุฑูุฎ ุงูุณุฑูุงู 15-06-23/10/ุชุงุฑูุฎ ุงูุณุฑูุงู 15-06-28 ...,False
laws_5,ูุงููู ุงูุชุฌุงุฑุฉ ูุชุนุฏููุงุชู ุฑูู 12 ูุณูุฉ 1966,ุงูููุงููู,unknown,44878,0.499,PRIMARILY_ARABIC,,ูุฏุฑุงูุงpยฅยฃุฑุงูุง - ุงููุงุฏุฉ 1 ร- ุงููุงุฏุฉ 1 ยยฃ90ย- ุงููุงุฏุฉ 1 - ุงููุงุฏุฉ ูุฏุฑุงูุง ! 03; ยปFย ูุฏุฑุงูุง*0ุนูุง ุกุฏุจู ุฉููุณุชูุง ; 9 ยธ9. ูุฏุฑุงูุง9ย ูุฏุฑุงูุงpยปยท ย ูุฏุฑุงูุง 1-60-03 ูุงูุฑุณูุง ุฎูุฑุงุช966ยร6ยรร ูุงูุฑุณูุง ุฎูุฑุงุช9ยฅE ูุฏุฑ...,ูุฏุฑุงูุง '9W 9ยฃูุฏุฑุงูุงย ุฉุตุงุฎ ุฉูุธูุง ู ูููุงูู30; 1F ูุฏุฑุงูุง : ! ูุฏุฑุงูุง9ย ูุฏุฑุงูุงpยปยท ย 1F ูุฏุฑุงูุง 1-60-03 ูุงูุฑุณูุง ุฎูุฑุงุช966ยร6ยรร ูุงูุฑุณูุง ุฎูุฑุงุช9ยฅE ูุฏุฑุงูุง! H9ุฑุงูุง - ุงููุงุฏุฉ 1 รรร- ุงููุงุฏุฉ 1 ยยฃ90ย- ุงููุงุฏ..., 1-60-03 ูุงูุฑุณูุง ุฎูุฑุงุช2 Vยปูุฏุฑุงูุง0%9ยฅ ุฌุฑุงุฏูุง ููุซูุง ู ูุฏุนูุง ุชุงุจุซุฅ3X 19 ยป309 *F 9p V ูุฏุฑุงูุง0 &H ุฉุตุงุฎ ุฉูุธูุง ู ูููุงูู9Yุฑุงูุง ยฅุฉุตุงุฎ ุฉูุธูุง ู ูููุงูู 2ร2ร//ร1-60-03 ูุงูุฑุณูุง ุฎูุฑุงุช28 82 / 82 ; 3Y9-kุฉุต...,False
laws_6,ูุงููู ุงูุดุฑูุงุช ุฑูู (22) ูุณูุฉ 1997  ูุชุนุฏููุงุชู,ุงูููุงููู,unknown,72969,0.471,PRIMARILY_ARABIC,,ูุฏุฑุงูุงpยฅยฃุฑุงูุง - ุงููุงุฏุฉ 1 ร- ุงููุงุฏุฉ 1 ยยฃ90ย- ุงููุงุฏุฉ 1 - ุงููุงุฏุฉ ูุฏุฑุงูุง ! 03; ยปFย ูุฏุฑุงูุง*0ุนูุง ุกุฏุจู ุฉููุณุชูุง 1-60-41 ูุงูุฑุณูุง ุฎูุฑุงุช997ยร6ย1-60-41 ูุงูุฑุณูุง ุฎูุฑุงุช4 ูุงูุฑุณูุง ุฎูุฑุงุช9ยฅE ูุฏุฑุงูุง! H9ุฑุงูุง - ุงููุง...,(9ยง / -139ููุฑุนุช ูุฏุฑุงูุง - ุงููุงุฏุฉ 1 รรร- ุงููุงุฏุฉ 1 ยยฃ90ย- ุงููุงุฏุฉ 1 - ุงููุงุฏุฉ ; 313 ูุฏุฑุงูุง 19ยฃ ูุฏุฑุงูุง-Hยช ูุฏุฑุงูุง0'0Y; 9Yูุฏุฑุงูุงยท ูุฏุฑุงูุงยป YYยฃูุฏุฑุงูุงููุฑุนุช ; 9*ูุฏุฑุงูุง9ย ูุฏุฑุงูุง! 9ยฃยง ย ูุฏุฑุงูุง%H9ูู...,9ููุฑุนุช997 ; 1!  ยปูุฏุฑุงูุง0%9ยฅ ย3X 19 ยป309 *F 9p V ูุฏุฑุงูุง0 &H 9Yุฑุงูุง ยฅV 2-11-11 ูุงูุฑุณูุง ุฎูุฑุงุช2-11-11 ูุงูุฑุณูุง ุฎูุฑุงุช 2-11-11 ูุงูุฑุณูุง ุฎูุฑุงุชร2-11-11 ูุงูุฑุณูุง ุฎูุฑุงุช3/2-11-11 ูุงูุฑุณูุง ุฎูุฑุงุช/ร1-60-41 ...,False
laws_7,ูุงููู ุงูุจูุฆุฉ ุงูุงุณุชุซูุงุฑูุฉ ุฑูู (21) ูุณูุฉ (2022),ุงูููุงููู,unknown,10050,0.418,PRIMARILY_ARABIC,,ูุฏุฑุงูุงpยฅยฃุฑุงูุง - ุงููุงุฏุฉ 1 ร- ุงููุงุฏุฉ 1 ยยฃ90ย- ุงููุงุฏุฉ 1 - ุงููุงุฏุฉ 2-10-41 ูุงูุฑุณูุง ุฎูุฑุงุช02-10-41 ูุงูุฑุณูุง ุฎูุฑุงุช3ย01ย14 ูุงูุฑุณูุง ุฎูุฑุงุช9ยฅE ูุฏุฑุงูุง! H9ุฑุงูุง - ุงููุงุฏุฉ 1 ร- ุงููุงุฏุฉ 1 ยยฃ90ย- ุงููุงุฏุฉ 1 - ุงููุงุฏุฉ 2-...,"[  (YH ยป ูุงูุฑุณูุง ุฎูุฑุงุช%+3U ยปยยฃูุฏุฑุงูุงยฅย ูุฏุฑุงูุง01(-; Yูุฏุฑุงูุงย 9ยธ GT 1, !",1; 2-10-41 ูุงูุฑุณูุง ุฎูุฑุงุช2-10-41 ูุงูุฑุณูุง ุฎูุฑุงุช1 Vยฅ ยปูุฏุฑุงูุง0%9ยฅ ย3X 19 ยป309 *F 9p V ูุฏุฑุงูุง0 &H 9Yุฑุงูุง ุชุงุฑูุฎ ุงูุณุฑูุงู 14-01-20ุชุงุฑูุฎ ุงูุณุฑูุงู 14-01-23/10/ุชุงุฑูุฎ ุงูุณุฑูุงู 14-01-28 19 / 19 ; 3Y9-k...,False
laws_8,ูุงููู ุงููุคุดุฑุงุช ุงูุฌุบุฑุงููุฉ ุฑูู 8 ูุณูุฉ 2000,ุงูููุงููู,unknown,1074,0.77,PRIMARILY_ARABIC,NO_LEGAL_TERMS,: ุง๏ป๏บด๏ปจ๏บ2000 : ุง๏ป๏ปค๏ปฎุงุฏ ๏ป๏บชุฏ10 : ุง๏ป๏บด๏บฎ๏ปณ๏บู ๏บ๏บุฑ๏ปณ๏บฆ2000-05-02 ุง๏ป๏บ๏ป๏บฎุง๏ป๏ปด๏บ ุง๏ป๏ปค๏บ๏บท๏บฎุงุช ๏ป๏บ๏ปง๏ปฎู ) 2000 ๏ป๏บด๏ปจ๏บ 8 ุฑ๏ป๏ปข ๏ป๏บ๏ปง๏ปฎู (2000 ๏ป๏บด๏ปจ๏บ ุง๏ป๏บ๏บฎ๏ปณ๏บชุฉ ุฑ๏ป๏ปข4423 ุง๏ป๏บผ๏ป๏บค๏บ1255 ุง๏ป๏บ๏บุฑ๏ปณ๏บฆ2000-04-02 ( 1 ) ุง๏ป๏ปค๏บุฏุฉ ุง๏ป๏ป๏ปค๏ป ู๏บ๏บชุก ุง๏ป๏บ๏บด๏ปค๏ปด๏บ ุง๏ป๏บฎ๏บณ๏ปค๏ปด๏บ. ุง...,. ุง๏ป๏บฎ๏บณ๏ปค๏ปด๏บ ุง๏ป๏บ๏บฎ๏ปณ๏บชุฉ ( 7 ) ุง๏ป๏ปค๏บุฏุฉ ุง๏ป๏ปค๏ป๏บ๏บ๏บฎุฉ ๏ป๏ปด๏บฎ ุง๏ป๏ปค๏บจ๏บ๏ป๏ป๏บุช : ๏ปณ๏ป๏ปฒ ๏ปฃ๏บ ุง๏ป๏ป๏บ๏ปง๏ปฎู ๏ปซ๏บฌุง ๏ปป๏บฃ๏ป๏บู ๏ปฃ๏บจ๏บ๏ป๏ป๏บ ๏ปณ๏ป๏บช ๏ปป ุง๏ป๏บ๏ป๏บฎุง๏ป๏ปฒ ุง๏ป๏ปค๏บ๏บท๏บฎ ๏ปฃ๏ปจ๏บข ๏ป๏บ๏ป ุงู ุง๏ป๏ป๏บ๏ปง๏ปฎู ๏ปซ๏บฌุง ุง๏บฃ๏ป๏บู ๏ปง๏ป๏บุฐ ๏ป๏บ๏ป ๏ปง๏ปด๏บ ๏บ๏บค๏บด๏ปฆ ุง๏บณ๏บ๏ป๏ปค๏บ๏ป๏ปฌ๏บ ๏บง๏ปผู ๏ปฃ๏ปฆ ๏บ๏ป๏บฎุง๏ป๏ปฒ ๏ป๏ปค๏บ๏บท๏บฎ ๏ปฃ๏บธ๏บ๏บ๏ปฌ๏บ,ุง๏ป๏ปฌ๏บ๏บท๏ปค๏ปด๏บ ุง๏ปทุฑุฏ๏ปง๏ปด๏บ ุง๏ป๏ปค๏ปค๏ป๏ป๏บ ๏ป๏ปฒ 13/06/2011 ๏บ๏บ๏บุฑ๏ปณ๏บฆ( 827 )ุง๏ป๏บฎ๏ป๏ปข,True
laws_9,ูุงููู ุนูุงูุงุช ุงูุจุถุงุฆุน ู ุชุนุฏููุงุชู ุฑูู 19 ูุณูุฉ 1953,ุงูููุงููู,unknown,2316,0.781,PRIMARILY_ARABIC,NO_LEGAL_TERMS,: ุง๏ป๏บด๏ปจ๏บ1953 : ุง๏ป๏ปค๏ปฎุงุฏ ๏ป๏บชุฏ18 : ุง๏ป๏บด๏บฎ๏ปณ๏บู ๏บ๏บุฑ๏ปณ๏บฆ1953-02-17 ๏ป๏บด๏ปจ๏บ ุง๏ป๏บ๏ป๏บ๏บ๏ป ๏ป๏ปผ๏ปฃ๏บุช ๏ป๏บ๏ปง๏ปฎู ) 1953 ๏ป๏บด๏ปจ๏บ 19 ุฑ๏ป๏ปข ๏ป๏บ๏ปง๏ปฎู (1953 ุง๏ป๏บ๏บฎ๏ปณ๏บชุฉ ุฑ๏ป๏ปข1131 ุง๏ป๏บผ๏ป๏บค๏บ486 ุง๏ป๏บ๏บุฑ๏ปณ๏บฆ1953-01-17 ( 1 ) ุง๏ป๏ปค๏บุฏุฉ ุง๏ป๏ป๏ปค๏ป ู๏บ๏บชุก ุง๏ป๏บ๏บด๏ปค๏ปด๏บ ุง๏ป๏บฎ๏บณ๏ปค๏ปด๏บ. ุง๏ป๏บ๏บฎ๏ปณ๏บช...,๏ปผ๏ปฃ๏บ ๏บป๏บ๏บฃ๏บ ๏ปฃ๏ปฎุง๏ป๏ป๏บ ุง๏บ๏บ๏บุช ๏บ๏ปด๏ปจ๏บ ุงู ๏ป๏ปด๏บฎ ๏บป๏บ๏บฃ๏บ๏ปฌ๏บ ๏ปฃ๏ปฎุง๏ป๏ป๏บ ๏บ๏บชูู ( 7 ) ุง๏ป๏ปค๏บุฏุฉ ุง๏ปป๏ป๏บ ๏บ๏บ๏ป๏ปค๏บ๏ป๏ปฌ๏ปข ๏ป๏ปด๏บ๏ปฃ๏ปฌ๏ปข ุง๏บ๏ปจ๏บุก ุง๏ป๏ปค๏บด๏บ๏บจ๏บช๏ปฃ๏ปด๏ปฆ ๏บ๏ป๏บพ ุง๏บณ๏บ๏บ๏ปจ๏บุก ุง๏บณ๏บ๏ป๏ปค๏ป ุง๏ปง๏ปช ุงู ุง๏ปป๏ปง๏บจ๏บชุงุน ุง๏ป๏ปฐ ๏ปณ๏บุฏู ุงู ๏บท๏บ๏ปง๏ปช ๏ปฃ๏ปฆ ๏บ๏บ๏ป๏ปผ ุง๏บณ๏บ๏ป๏ปค๏บ๏ปปู ๏บ๏บ๏บุฑ๏ปณ๏บ ๏ป๏ปผ๏ปฃ๏บ ๏ปฃ๏ปฆ ุง๏ป๏บธ๏บ๏ปช ๏ป๏บฎ๏ปณ๏บ๏บ ๏ป...,ุง๏ป๏ปฌ๏บ๏บท๏ปค๏ปด๏บ ุง๏ปทุฑุฏ๏ปง๏ปด๏บ ุง๏ป๏ปค๏ปค๏ป๏ป๏บ ๏ป๏ปฒ 13/06/2011 ๏บ๏บ๏บุฑ๏ปณ๏บฆ( 827 )ุง๏ป๏บฎ๏ป๏ปข,True
laws_10,ูุงููู ุงูุฑุณูู ุงูุตูุงุนูุฉ ูุงูููุงุฐุฌ ุงูุตูุงุนูุฉ ุฑูู 14 ูุณูุฉ 2000,ุงูููุงููู,unknown,2140,0.729,PRIMARILY_ARABIC,,ู8: 12 2022/โ9/โ21ูุณุทุงุณ https: //qistas. com/ar/print/laws? es=80965&ss=123996&sn=1&ar=1&enoffic=0&vh=1&opt=1&fs=&ts=&snos=&dn=1&si=1&su=0 1/7 : ุงูุณูุฉ2000 : ุนุฏุฏ ุงูููุงุฏ20 : ุชุงุฑูุฎ ุงูุณุฑูุงู2000-05-02 )200...,ุจ . . ุงุฐุง ูู ููุฏู ุฃู ุงุนุชุฑุงุถ ุนูู ูุจูู ุทูุจ ุชุณุฌูู ุงูุฑุณู ุงูุตูุงุนู ุงู ุงููููุฐุฌ ุงูุตูุงุนู ูุชุฎุฐ ุงููุณุฌู ูุฑุงุฑุง ุจุชุณุฌููู ููุตุฏุฑ,ููุง ููููุง ุจุนุฏ ุจุงุงูุณู ุงููุฎุชุตุฑ ุดุฑูุฉ ูุณุทุงุณ ูุชูููููุฌูุง ุงููุนูููุงุช ยฉ ูุณุทุงุณ ูููุน ุฅููุชุฑููู ูุชุฎุตุต ูู ูุฌุงู ุชูููููุฌูุง ุงููุนูููุงุช ูุนูู ูู ุฎุงูู ุดุฑูุฉ ุงููุณุทุงุณ ูุชูููุฉ ุงููุนูููุงุช ููู ุดุฑูุฉ ูู ุงูููููุฉ ุงุฃูุฑุฏููุฉ13/06/2011 )...,False
laws_11,ูุงููู ุงูุนูุงูุงุช ุงูุชุฌุงุฑูุฉ ูุชุนุฏููุงุชู ุฑูู 33 ูุณูุฉ 1952,ุงูููุงููู,unknown,6897,0.783,PRIMARILY_ARABIC,NO_LEGAL_TERMS,: ุง๏ป๏บด๏ปจ๏บ1952 : ุง๏ป๏ปค๏ปฎุงุฏ ๏ป๏บชุฏ53 : ุง๏ป๏บด๏บฎ๏ปณ๏บู ๏บ๏บุฑ๏ปณ๏บฆ1952-07-01 ๏ป๏บด๏ปจ๏บ ุง๏ป๏บ๏บ๏บุฑ๏ปณ๏บ ุง๏ป๏ป๏ปผ๏ปฃ๏บุช ๏ป๏บ๏ปง๏ปฎู ) 1952 ๏ป๏บด๏ปจ๏บ 33 ุฑ๏ป๏ปข ๏ป๏บ๏ปง๏ปฎู ู๏บ๏ป๏บช๏ปณ๏ปผ๏บ๏ปช( 1952 ุง๏ป๏บ๏บฎ๏ปณ๏บชุฉ ุฑ๏ป๏ปข1110 ุง๏ป๏บผ๏ป๏บค๏บ243 ุง๏ป๏บ๏บุฑ๏ปณ๏บฆ1952-06-01 ( 1 ) ุง๏ป๏ปค๏บุฏุฉ ุง๏ป๏ป๏ปค๏ป ู๏บ๏บชุก ุง๏ป๏บ๏บด๏ปค๏ปด๏บ . ุง...,ุง๏ป๏ป๏บฎุงุฑ ุฐ๏ป๏ป ๏ป๏ปค๏ปจ๏ป๏ปฎู ู๏ป๏บ๏ป๏บ ุง๏ป๏บด๏บ๏ป ๏บ๏บ๏บผ๏บค๏ปด๏บข ุง๏ป๏ปค๏บด๏บ๏ป ๏ปณ๏ป๏ปฎู ๏บ๏ปข ู๏ปฃ๏ปฆ ุง๏ป๏ปค๏บด๏บ๏ป ุง๏ป๏ปฐ ( 25 ) ุง๏ป๏ปค๏บุฏุฉ ุง๏ป๏บ๏บ๏บุฑ๏ปณ๏บ ุง๏ป๏ป๏ปผ๏ปฃ๏บ ๏บป๏บ๏บฃ๏บ ๏บฃ๏ป๏ปฎู ๏ป๏ปฌ๏บ ๏ปฃ๏บธ๏บ๏บ๏ปฌ๏บ ุงู ๏ปฃ,ุง๏ป๏ปฌ๏บ๏บท๏ปค๏ปด๏บ ุง๏ปทุฑุฏ๏ปง๏ปด๏บ ุง๏ป๏ปค๏ปค๏ป๏ป๏บ ๏ป๏ปฒ 13/06/2011 ๏บ๏บ๏บุฑ๏ปณ๏บฆ( 827 )ุง๏ป๏บฎ๏ป๏ปข,True
laws_12,ูุงููู ุญูุงูุฉ ุงูุชุตุงููู ููุฏูุงุฆุฑ ุงููุชูุงููุฉ ุฑูู 10 ูุณูุฉ 2000,ุงูููุงููู,unknown,2216,0.776,PRIMARILY_ARABIC,NO_LEGAL_TERMS,: ุง๏ป๏บด๏ปจ๏บ2000 : ุง๏ป๏ปค๏ปฎุงุฏ ๏ป๏บชุฏ24 : ุง๏ป๏บด๏บฎ๏ปณ๏บู ๏บ๏บุฑ๏ปณ๏บฆ2000-05-02 ๏ป๏ป๏บชูุง๏บ๏บฎ ุง๏ป๏บ๏บผ๏บ๏ปฃ๏ปด๏ปข ๏บฃ๏ปค๏บ๏ปณ๏บ ๏ป๏บ๏ปง๏ปฎู ) 2000 ๏ป๏บด๏ปจ๏บ 10 ุฑ๏ป๏ปข ๏ป๏บ๏ปง๏ปฎู (2000 ๏ป๏บด๏ปจ๏บ ุง๏ป๏ปค๏บ๏ป๏บ๏ปฃ๏ป๏บ ุง๏ป๏บ๏บฎ๏ปณ๏บชุฉ ุฑ๏ป๏ปข4423 ุง๏ป๏บผ๏ป๏บค๏บ1263 ุง๏ป๏บ๏บุฑ๏ปณ๏บฆ2000-04-02 ( 1 ) ุง๏ป๏ปค๏บุฏุฉ ุง๏ป๏ป๏ปค๏ป ู๏บ๏บชุก ุง๏ป๏บ...,ู ๏ปซ๏บฌุง ๏ปฃ๏ปฆ 11 ุง๏ป๏ปค๏บุฏุฉ ุง๏บฃ๏ป๏บู ุฐ๏ป๏ป ๏ป๏ปฒ ๏บ๏บฎุง๏ป๏ปฐ ุงู ๏ป๏ป๏ปฐ ๏ป๏บ๏ปง๏ปฎ๏ปง๏ปด๏บ ๏ป๏ปด๏บฎ ๏บ๏บผ๏ปฎุฑุฉ ๏ปง๏บด๏บจ๏ปช ๏บ๏ปข ๏บ๏บผ๏ปค๏ปด๏ปข ๏ป๏ป๏ปฐ ๏ปณ๏บค๏บ๏ปฎู ( 11 ) ุง๏ป๏ปค๏บุฏุฉ ุง๏ป๏บ๏บผ๏ปค๏ปด๏ปข ๏บฃ๏ปค๏บ๏ปณ๏บ ๏ป๏ปฌ๏บฌุง ๏ป๏ปด๏บค๏ป ๏ป๏บช๏ป๏ปฒ ๏บ๏บ๏ปง๏บฌุงุฑ ๏บ๏บฌ๏ป๏ป ุง๏ป๏บค๏ป ๏ปฃ๏บ๏ป๏ป ูุง๏บง๏ป๏บฎู ุง๏ป๏ป๏บ๏ปง๏ปฎู ๏ปซ๏บฌุง ๏ปฃ๏ปฆ 10 ุง๏ป๏ปค๏บุฏุฉ ๏ปฃ๏ปฆ ุจ ุง๏ป๏ป๏ป๏บฎุฉ ๏ปฃ๏ปฆ 4...,ุง๏ป๏ปฌ๏บ๏บท๏ปค๏ปด๏บ ุง๏ปทุฑุฏ๏ปง๏ปด๏บ ุง๏ป๏ปค๏ปค๏ป๏ป๏บ ๏ป๏ปฒ 13/06/2011 ๏บ๏บ๏บุฑ๏ปณ๏บฆ( 827 )ุง๏ป๏บฎ๏ป๏ปข,True
laws_13,ูุงููู ุจุฑุงุกุงุช ุงูุงุฎุชุฑุงุน ู ุชุนุฏููุงุชู ุฑูู 32 ูุณูุฉ 1999,ุงูููุงููู,unknown,4663,0.782,PRIMARILY_ARABIC,NO_LEGAL_TERMS,: ุง๏ป๏บด๏ปจ๏บ1999 : ุง๏ป๏ปค๏ปฎุงุฏ ๏ป๏บชุฏ44 : ุง๏ป๏บด๏บฎ๏ปณ๏บู ๏บ๏บุฑ๏ปณ๏บฆ1999-12-01 ๏ป๏บด๏ปจ๏บ ุง๏ปป๏บง๏บ๏บฎุงุน ๏บ๏บฎุงุกุงุช ๏ป๏บ๏ปง๏ปฎู ) 1999 ๏ป๏บด๏ปจ๏บ 32 ุฑ๏ป๏ปข ๏ป๏บ๏ปง๏ปฎู ู๏บ๏ป๏บช๏ปณ๏ปผ๏บ๏ปช( 1999 ุง๏ป๏บ๏บฎ๏ปณ๏บชุฉ ุฑ๏ป๏ปข4389 ุง๏ป๏บผ๏ป๏บค๏บ4256 ุง๏ป๏บ๏บุฑ๏ปณ๏บฆ1999-11-01 ( 1 ) ุง๏ป๏ปค๏บุฏุฉ ุง๏ป๏ป๏ปค๏ป ู๏บ๏บชุก ุง๏ป๏บ๏บด๏ปค๏ปด๏บ ุง๏ป๏บฎ๏บณ...,. ุง๏ป๏ป๏บ๏ปง๏ปฎู ๏ป๏ปฒ ๏ป๏ป๏ปด๏ปฌ๏บ ุง๏ป๏ปค๏ปจ๏บผ๏ปฎุต ุง๏ป๏บค๏บ๏ป๏บ ๏ป๏ปฆ ุง๏ป๏บ๏ป๏ปฎ๏ปณ๏บพ ๏ปฃ๏ป๏บชุงุฑ ๏บ๏บค๏บช๏ปณ๏บช ๏ป๏ปฒ ู๏ปณ๏บฎุง๏ป๏ปฐ ๏ป๏ปผ๏บง๏บ๏บฎุงุน ุง๏ปป๏ป๏บ๏บผ๏บุฏ๏ปณ๏บ ุง๏ป๏ป๏ปด๏ปค๏บ ๏ป๏ปด๏ปช ๏บ๏บฎุง๏ป๏ปฐ ๏ป๏บุฏู ๏บ๏ป๏ปฎ๏ปณ๏บพ ๏ป๏ป๏ปฐ ุง๏ป๏บ๏บฎุงุกุฉ ๏ป๏บ๏ป๏บ ๏ปณ๏บค๏บผ๏ป ุงู- ุฒ ๏ป๏ปค๏ปจ๏ป๏ปค๏บ ุง๏ปง๏ป๏ปค๏บ๏ปฃ๏ปฌ๏บ,ุง๏ป๏ปฌ๏บ๏บท๏ปค๏ปด๏บ ุง๏ปทุฑุฏ๏ปง๏ปด๏บ ุง๏ป๏ปค๏ปค๏ป๏ป๏บ ๏ป๏ปฒ 13/06/2011 ๏บ๏บ๏บุฑ๏ปณ๏บฆ( 827 )ุง๏ป๏บฎ๏ป๏ปข,True
laws_14,ูุงููู ุบุฑู ุงูุชุฌุงุฑุฉ ุงููุคูุช ุฑูู 70 ูุณูุฉ 2003,ุงูููุงููู,unknown,3016,0.781,PRIMARILY_ARABIC,NO_LEGAL_TERMS,: ุง๏ป๏บด๏ปจ๏บ2003 : ุง๏ป๏ปค๏ปฎุงุฏ ๏ป๏บชุฏ38 : ุง๏ป๏บด๏บฎ๏ปณ๏บู ๏บ๏บุฑ๏ปณ๏บฆ2003-06-16 ุง๏ป๏บ๏บ๏บุฑุฉ ๏ป๏บฎู ๏ป๏บ๏ปง๏ปฎู ) 2003 ๏ป๏บด๏ปจ๏บ 70 ุฑ๏ป๏ปข ๏ปฃ๏บ๏ป๏บ ๏ป๏บ๏ปง๏ปฎู (2003 ๏ป๏บด๏ปจ๏บ ุง๏ป๏ปค๏บ๏ป๏บ ุง๏ป๏บ๏บฎ๏ปณ๏บชุฉ ุฑ๏ป๏ปข4606 ุง๏ป๏บผ๏ป๏บค๏บ3255 ุง๏ป๏บ๏บุฑ๏ปณ๏บฆ2003-06-16 ( 1 ) ุง๏ป๏ปค๏บุฏุฉ ุง๏ป๏ป๏ปค๏ป ู๏บ๏บชุก ุง๏ป๏บ๏บด๏ปค๏ปด๏บ ุง๏ป๏บฎ๏บณ...,๏บ๏ปค๏ป๏บ๏ป๏บู ุง๏ป๏บผ๏บุฏุฑุฉ ูุง๏ป๏บ๏ป๏ป๏ปด๏ปค๏บุช ูุง๏ปป๏ปง๏ป๏ปค๏บ ุง๏ป๏ป๏บ๏ปง๏ปฎู ๏ปซ๏บฌุง ๏ปป๏บฃ๏ป๏บู ู๏ป๏ป๏บ ๏บ๏บช๏ปณ๏บช ๏ปฃ๏บ๏ป๏บฒ,ุง๏ป๏ปฌ๏บ๏บท๏ปค๏ปด๏บ ุง๏ปทุฑุฏ๏ปง๏ปด๏บ ุง๏ป๏ปค๏ปค๏ป๏ป๏บ ๏ป๏ปฒ 13/06/2011 ๏บ๏บ๏บุฑ๏ปณ๏บฆ( 827 )ุง๏ป๏บฎ๏ป๏ปข,True
laws_16,ูุงููู ุงูุงุณุชูุฑุงุฏ ูุงูุชุตุฏูุฑ ุฑูู 21 ูุณูุฉ 2001 ูุชุนุฏููุงุชู,ุงูููุงููู,unknown,1191,0.763,PRIMARILY_ARABIC,NO_LEGAL_TERMS,: ุง๏ป๏บด๏ปจ๏บ2001 : ุง๏ป๏ปค๏ปฎุงุฏ ๏ป๏บชุฏ14 : ุง๏ป๏บด๏บฎ๏ปณ๏บู ๏บ๏บุฑ๏ปณ๏บฆ2001-07-31 ูุง๏ป๏บ๏บผ๏บช๏ปณ๏บฎ ุง๏ปป๏บณ๏บ๏ปด๏บฎุงุฏ ๏ป๏บ๏ปง๏ปฎู ) 2001 ๏ป๏บด๏ปจ๏บ 21 ุฑ๏ป๏ปข ๏ป๏บ๏ปง๏ปฎู ู๏บ๏ป๏บช๏ปณ๏ปผ๏บ๏ปช( 2001 ๏ป๏บด๏ปจ๏บ ุง๏ป๏บ๏บฎ๏ปณ๏บชุฉ ุฑ๏ป๏ปข4494 ุง๏ป๏บผ๏ป๏บค๏บ2453 ุง๏ป๏บ๏บุฑ๏ปณ๏บฆ2001-07-01 ( 1 ) ุง๏ป๏ปค๏บุฏุฉ ุง๏ป๏ป๏ปค๏ป ู๏บ๏บชุก ุง๏ป๏บ๏บด๏ปค๏ปด๏บ ุง...,ุง๏ป๏บฎ๏บณ๏ปฎู ๏ปซ๏บฌู ุง๏บณ๏บ๏ปด๏ป๏บุก ( 7 ) ุง๏ป๏ปค๏บุฏุฉ ุง๏ป๏บฎ๏บง๏บผ๏บ ๏ป๏ป๏บ๏ป๏บ ุง๏ป๏ป๏บฎุงุฑ ๏บ๏บ๏ป๏ปด๏ป .,ุง๏ป๏ปฌ๏บ๏บท๏ปค๏ปด๏บ ุง๏ปทุฑุฏ๏ปง๏ปด๏บ ุง๏ป๏ปค๏ปค๏ป๏ป๏บ ๏ป๏ปฒ 13/06/2011 ๏บ๏บ๏บุฑ๏ปณ๏บฆ( 827 )ุง๏ป๏บฎ๏ป๏ปข,True
laws_17,ูุงููู ุงูุฌูุนูุงุช ุฑูู 51 ูุณูุฉ 2008 ูุชุนุฏููุงุชู,ุงูููุงููู,unknown,4363,0.778,PRIMARILY_ARABIC,NO_LEGAL_TERMS,: ุง๏ป๏บด๏ปจ๏บ2008 : ุง๏ป๏ปค๏ปฎุงุฏ ๏ป๏บชุฏ32 : ุง๏ป๏บด๏บฎ๏ปณ๏บู ๏บ๏บุฑ๏ปณ๏บฆ2008-12-15 (2008 ๏ป๏บด๏ปจ๏บ ุง๏ป๏บ๏ปค๏ป๏ปด๏บุช ๏ป๏บ๏ปง๏ปฎู ) 2008 ๏ป๏บด๏ปจ๏บ 51 ุฑ๏ป๏ปข ๏ป๏บ๏ปง๏ปฎู ู๏บ๏ป๏บช๏ปณ๏ปผ๏บ๏ปช ุง๏ป๏บ๏บฎ๏ปณ๏บชุฉ ุฑ๏ป๏ปข4928 ุง๏ป๏บผ๏ป๏บค๏บ4219 ุง๏ป๏บ๏บุฑ๏ปณ๏บฆ2008-09-16 ( 1 ) ุง๏ป๏ปค๏บุฏุฉ . ุง๏ป๏บฎ๏บณ๏ปค๏ปด๏บ ุง๏ป๏บ๏บฎ๏ปณ๏บชุฉ ๏ป๏ปฒ ๏ปง๏บธ๏บฎู ๏บ๏บุฑ...,๏บง๏บ๏บป๏บ ๏บท๏บฎูุท ูุงู ๏ป๏ป๏ปด๏ปฌ๏บ ๏บณ๏ปด๏ปจ๏ป๏ป ุง๏ป๏บ๏ปฒ ูุง๏ป๏ป๏บ๏ปณ๏บ ู๏ปฃ๏ป๏บชุงุฑู ุง๏ป๏บ๏ปค๏ปฎ๏ปณ๏ป ุงู ๏ป๏ป๏บ๏บ๏บฎุน ุง๏ป๏ปค๏ป๏บช๏ปฃ๏บ ุง๏ป๏บ๏ปฌ๏บ ุง๏บณ๏ปข ุง๏ป๏ปค๏บ๏ป๏ปด๏บ ๏บณ๏บ๏ปผ๏บ๏ปฌ๏บ ๏ป๏ปฒ ๏ป๏ปฒ ๏บ๏บ๏ปฎ๏ป๏บฎ ุงู ู๏ป๏ป๏ปฐ ุ ุง๏ป๏ปค๏บุฏุฉ ๏ปซ๏บฌู ๏ปฃ๏ปฆ( ุฌ )ุง๏ป๏ป๏ป๏บฎุฉ ๏ป๏ปฒ ุง๏ป๏ปค๏บค๏บชุฏุฉ ุง๏ปป๏บ๏บฎุงุกุงุช ุง๏บ๏บ๏บุน ุง๏ป๏บ๏ปค,ุง๏ป๏ปฌ๏บ๏บท๏ปค๏ปด๏บ ุง๏ปทุฑุฏ๏ปง๏ปด๏บ ุง๏ป๏ปค๏ปค๏ป๏ป๏บ ๏ป๏ปฒ 13/06/2011 ๏บ๏บ๏บุฑ๏ปณ๏บฆ( 827 )ุง๏ป๏บฎ๏ป๏ปข,True
laws_21,ูุงููู ุงูุฌูุงุฑู ุฑูู 20 ูุณูุฉ1998 ูุชุนุฏููุงุชู,ุงูููุงููู,unknown,26711,0.789,PRIMARILY_ARABIC,NO_LEGAL_TERMS,: ุง๏ป๏บด๏ปจ๏บ1998 : ุง๏ป๏ปค๏ปฎุงุฏ ๏ป๏บชุฏ254 : ุง๏ป๏บด๏บฎ๏ปณ๏บู ๏บ๏บุฑ๏ปณ๏บฆ1999-01-01 (1998 ๏ป๏บด๏ปจ๏บ ุง๏ป๏บ๏ปค๏บุฑู ๏ป๏บ๏ปง๏ปฎู ) 1998 ๏ป๏บด๏ปจ๏บ 20 ุฑ๏ป๏ปข ๏ป๏บ๏ปง๏ปฎู ู๏บ๏ป๏บช๏ปณ๏ปผ๏บ๏ปช ุง๏ป๏บ๏บฎ๏ปณ๏บชุฉ ุฑ๏ป๏ปข4305 ุง๏ป๏บผ๏ป๏บค๏บ3935 ุง๏ป๏บ๏บุฑ๏ปณ๏บฆ1998-10-01 ( 1 ) ุง๏ป๏ปค๏บุฏุฉ ุง๏ป๏ป๏ปค๏ป ู๏บ๏บชุก ุง๏ป๏บ๏บด๏ปค๏ปด๏บ ๏บ๏ป๏บุฑ๏ปณ๏ป - ุง...,"ุง๏ป๏ปค๏บช๏ปณ๏บฎ ู๏บ๏ปค๏ปฎุง๏ป๏ป๏บ ุง๏ป๏ปจ๏บ๏ป๏บฌู ุง๏ป๏ป๏บ๏ปง๏ปฎ๏ปง๏ปด๏บ ุง๏ป๏บธ๏บฎูุท ๏บ๏ปค๏ปด๏ป ๏บ๏บฎุง๏ป๏ปฐ ุงู ๏ป๏ป๏ปฐ ุง๏ป๏ปค๏บค๏ป๏ปฒ ุง๏ปป๏บณ๏บ๏ปฌ๏ปผู ๏ป๏ปฒ ุง๏ป๏ปค๏บ๏ป๏บ ุง๏ปนุฏ๏บง๏บู ๏ป๏ปฒ ุง๏ป๏ปค๏ป๏บ๏ปฎ๏ป๏บ ุง๏ป๏บ๏ป๏บ๏บ๏ป ๏บ๏ปฎ๏บฟ๏ป ๏ปณ๏บด๏ปค๏บข , ( 145 ) ุง๏ป๏ปค๏บุฏุฉ ูุง๏ป๏ป๏บฎุง๏บ๏บ ุง๏ป๏บฎ๏บณ๏ปฎู ุฑุฏ ๏ป๏ป๏บฎ๏บณ๏ปฎู ุง๏ป๏ปค๏ป๏ป๏ป๏บ ุง๏ปทู๏บฟ๏บุน - ุง๏ป๏บด๏บุฏุณ ุง๏ป๏บ๏บุจ ๏ป๏ปจ๏บช ูุฐ...",ุง๏ป๏ปฌ๏บ๏บท๏ปค๏ปด๏บ ุง๏ปทุฑุฏ๏ปง๏ปด๏บ ุง๏ป๏ปค๏ปค๏ป๏ป๏บ ๏ป๏ปฒ 13/06/2011 ๏บ๏บ๏บุฑ๏ปณ๏บฆ( 827 )ุง๏ป๏บฎ๏ป๏ปข,True
laws_23,ูุงููู ุงูุตูุงุนุฉ ูุงูุชุฌุงุฑุฉ ุฑูู 18 ูุณูุฉ 1998ูุชุนุฏููุงุชู,ุงูููุงููู,unknown,2431,0.768,PRIMARILY_ARABIC,NO_LEGAL_TERMS,: ุง๏ป๏บด๏ปจ๏บ1998 : ุง๏ป๏ปค๏ปฎุงุฏ ๏ป๏บชุฏ24 : ุง๏ป๏บด๏บฎ๏ปณ๏บู ๏บ๏บุฑ๏ปณ๏บฆ1998-10-31 ๏ป๏บด๏ปจ๏บ ูุง๏ป๏บ๏บ๏บุฑุฉ ุง๏ป๏บผ๏ปจ๏บ๏ป๏บ ๏ป๏บ๏ปง๏ปฎู ) 1998 ๏ป๏บด๏ปจ๏บ 18 ุฑ๏ป๏ปข ๏ป๏บ๏ปง๏ปฎู ู๏บ๏ป๏บช๏ปณ๏ปผ๏บ๏ปช( 1998 ุง๏ป๏บ๏บฎ๏ปณ๏บชุฉ ุฑ๏ป๏ปข4304 ุง๏ป๏บผ๏ป๏บค๏บ3782 ุง๏ป๏บ๏บุฑ๏ปณ๏บฆ1998-10-01 ( 1 ) ุง๏ป๏ปค๏บุฏุฉ ุง๏ป๏ป๏ปค๏ป ู๏บ๏บชุก ุง๏ป๏บ๏บด๏ปค๏ปด๏บ . ...,๏บ๏ปด๏ป ๏ป๏ปจ๏บช ุง๏ป๏ปค๏ป๏บช๏ปฃ๏บ ๏บ๏บ๏ป๏ป๏ป๏บ๏ป๏บ ุง๏ปป๏ป๏บ๏บฐุงู ๏ป๏บชู- 6 ๏ป๏ปฌ๏บ. ุง๏ป๏ปค๏บจ๏บผ๏บผ๏บ ุง๏ป๏ป๏บ๏ปณ๏บ ๏ป๏ป๏ปด๏บฎ ุง๏บณ๏บ๏บจ๏บชุง๏ปฃ๏ปฌ๏บ ุฃู ( ูุง๏ป๏ปจ๏บจ๏บ๏ป๏บ ุง๏ป๏บธ๏ป๏ปด๏บฎ ุ ุง๏ป๏ป๏บค๏ปด๏ปฆ )ุง๏ป๏ปค๏บช๏ป๏ปฎ๏ปฃ๏บ ๏บ๏บ๏ป๏ปค๏ปฎุงุฏ ุง๏ป๏ปค๏บ๏บ๏บ๏บฎุฉ- 7 .,ุง๏ป๏ปฌ๏บ๏บท๏ปค๏ปด๏บ ุง๏ปทุฑุฏ๏ปง๏ปด๏บ ุง๏ป๏ปค๏ปค๏ป๏ป๏บ ๏ป๏ปฒ 13/06/2011 ๏บ๏บ๏บุฑ๏ปณ๏บฆ( 827 )ุง๏ป๏บฎ๏ป๏ปข,True
laws_26,ูุงููู ููุงูุญุฉ ุบุณู ุงูุฃููุงู ูุชูููู ุงูุฅุฑูุงุจ ุฑูู 20 ูุณูุฉ 2021,ุงูููุงููู,unknown,7328,0.788,PRIMARILY_ARABIC,,3788 ุงูุฌุฑูุฏุฉ ุงูุฑุณููุฉ ูุญู ููุตู ุจู ุงูุญุณูู ูุงุฆุจ ุฌุงููุฉ ุงู ููู ุงููุนุธ ูููููููููููููููููููููููููู ู ( ุจููุชุถูููููู ุงููููููููุงุฏุฉ31) ูููููู ุงูุฏุณุชููููููููููููููููููููููููููููููููููุฑ ุฆุจูููููุง ููููููู ูุง ููููุฑุฑู ู...,ููุถุฐู ุงู ุง ุถุฉ ุจุณุถ ุงูุช ุชุชุถุถูู ูุถุง ุช ุฑ ู ูู ููููุงุช ูุญููุถ ุฉ ุงุฆ ุฏุฆููุถุฉ ุฆุจุงู ูุงูุถุงุช ุงููุงููุถุฉ ููุชุนุถุฑ ููุถู ุชูุถู ุงูุนูููุถุงุช ููุฏุฉ ู ุชูู ูู ุฎูุง ุณููุงุช ูู ุชุงุฑ ุฎ ุฅุชูุถุง ุงูุนูููุถุฉ ููุถุง ุชุนุถูู ููููุถุง ุงูุนุชูุถุงุจ ุจ ููุถุน ุงูุณ...,"ุชูุฑ ""ุญููุฏ ุฎุฑู"" ุงูุญุฏ ุญููุฏ ุงุจู ูุฏูุณ ูุฒูุฑ ุฏููุฉ ูุดุคูู ุงุฅูุนุงูู ุงููููุฏุณ ุตุฎุฑ ูุฑูุงู ุฏูุฏูู ูุฒูุฑ ุงุงููุชุตุงุฏ ุงูุฑููู ูุงูุฑูุงุฏุฉ ุงูุญุฏ ูุงุณู ุฐูุจ ุงูููุงูุฏุฉ ูุฒูุฑ ุงูุดุจุงุจ ""ุญููุฏ ุณุงููุฉ"" ูุงุฑุณ ุณูููุงู ุงููุงุจูุณู ูุฒูุฑ ุงูุนูู ููุณู ุญูู...",False
laws_28,ูุงููู ุงูุชุฃุฌูุฑ ุงูุชููููู ุฑูู 45 ูุณูุฉ 2008,ุงูููุงููู,unknown,3836,0.787,PRIMARILY_ARABIC,NO_LEGAL_TERMS,๏ป๏บ๏ปง๏ปฎู ุง๏ป๏บ๏บ๏บ๏ปด๏บฎ ุง๏ป๏บ๏ปค๏ปฎ๏ปณ๏ป๏ปฒ ุฑ๏ป๏ปข 45 ๏ป๏บด๏ปจ๏บ2008 ุง๏ป๏ปค๏ปจ๏บธ๏ปฎุฑ ๏ป๏ป๏ปฐ ุง๏ป๏บผ๏ป๏บค๏บ3422 ๏ปฃ๏ปฆ ๏ป๏บชุฏ ุง๏ป๏บ๏บฎ๏ปณ๏บชุฉ ุง๏ป๏บฎ๏บณ๏ปค๏ปด๏ปช ุฑ๏ป๏ปข4924 ๏บ๏บ๏บุฑ๏ปณ๏บฆ17 / 8 / 2008 ุง๏ป๏ปค๏บุฏุฉ1 ๏ปณ๏บด๏ปค๏ปฐ ู๏บฌุง ุง๏ป๏ป๏บ๏ปง๏ปฎู ) ๏ป๏บ๏ปง๏ปฎู ุง๏ป๏บ๏บ๏บ๏ปด๏บฎ ุง๏ป๏บ๏ปค๏ปฎ๏ปณ๏ป๏ปฒ ๏ป๏บด๏ปจ๏บ 2008 ( ู๏ปณ๏ป๏ปค๏ป ๏บ๏ปช ๏บ๏ป๏บช ๏บ๏ปผ๏บ๏ปด๏ปฆ ๏ปณ๏ปฎ๏ปฃ๏บ ๏ปฃ...,. ุฌ ๏ปณ๏บ๏บค๏ปค๏ป ุง๏ป๏ปค๏บ๏บ๏บฎ ูุง๏ป๏ปค๏ปฎุฑุฏ ๏บ๏บ๏ป๏บ๏ป๏บ๏ป๏ป ูุง๏ป๏บ๏ป๏บ๏ปฃ๏ปฆ ุงู ๏ปง๏ป๏ป๏บุช ๏ปณ๏บ๏ป๏บู๏บชู๏บ ุง๏ป๏ปคู๏บด๏บ๏บ๏บ๏บฎ ๏ปง๏บ๏ปด๏บู๏บ ๏ป๏บฎ๏บ๏ปฎ๏ปู๏ปช ๏ป๏ปู๏ปฐ ุง๏ป๏ปคู๏ปฎุฑุฏ ู๏ป๏ป ุง๏บฃ๏ป๏บู ุง๏ป๏ป๏ป๏บฎุฉ ( ุฃ) ุงู ุง๏ป๏ป๏ป๏บฎุฉ ( ุจ) ๏ปฃ๏ปฆ ู๏บฌ๏ปฉ ุง๏ป๏ปค๏บุฏุฉ . ุง๏ป๏ปค๏บุฏุฉ 14 . ุฃ ๏ปณ๏บ๏บค๏ปค๏ป ุง๏ป๏ปค๏บด๏บ๏บ๏บ๏บฎ ๏ปฃ๏บด๏บู๏ป๏ปด๏บ ๏บณ๏ปผ๏ปฃ๏บ ุง๏ป๏ปค๏บ๏บ๏ปฎ...,ุง๏ป๏ปค๏บุฏุฉ 28 ๏ปณ๏บผ๏บชุฑ ๏ปฃ๏บ๏ป๏บฒ ุง๏ป๏ปฎุฒุฑุงุก ุง๏ปป๏ปง๏ป๏ปค๏บ ุง๏ป๏ปผุฒ๏ปฃ๏บ ๏ป๏บ๏ปจ๏ป๏ปด๏บฌ ุง๏บฃ๏ป๏บู ู๏บฌุง ุง๏ป๏ป๏บ๏ปง๏ปฎู . ุง๏ป๏ปค๏บุฏุฉ 29 ุฑ๏บ๏ปด๏บฒ ุง๏ป๏ปฎุฒุฑุงุก ูุง๏ป๏ปฎุฒุฑุงุก ๏ปฃ๏ป๏ป๏ป๏ปฎู ๏บ๏บ๏ปจ๏ป๏ปด๏บฌ ุง๏บฃ๏ป๏บู ู๏บฌุง ุง๏ป๏ป๏บ๏ปง๏ปฎู . 26 / 6 / 2008,True
laws_29,ูุงููู ุงููููุงุก ู ุงููุณุทุงุก ุงูุชุฌุงุฑููู ุฑูู 28 ูุณูุฉ 2001,ุงูููุงููู,unknown,1545,0.793,PRIMARILY_ARABIC,NO_LEGAL_TERMS,๏ป๏บ๏ปง๏ปฎู ุง๏ป๏ปฎุข๏ปผุก ูุง๏ป๏ปฎ๏บณ๏ป๏บุก ุง๏ป๏บ๏บ๏บุฑ๏ปณ๏ปด๏ปฆ ุฑ๏ป๏ปข 28 ๏ป๏บด๏ปจ๏บ2001 ุง๏ป๏ปค๏ปจ๏บธ๏ปฎุฑ ๏ป๏ป๏ปฐ ุง๏ป๏บผ๏ป๏บค๏บ2785 ๏ปฃ๏ปฆ ๏ป๏บชุฏ ุง๏ป๏บ๏บฎ๏ปณ๏บชุฉ ุง๏ป๏บฎ๏บณ๏ปค๏ปด๏บ ุฑ๏ป๏ปข4496 ๏บ๏บ๏บุฑ๏ปณ๏บฆ16 / 7 / 2001 ุง๏ป๏ปค๏บุฏุฉ1 ๏ปณ๏บด๏ปค๏ปฐ ู๏บฌุง ุง๏ป๏ป๏บ๏ปง๏ปฎู ) ๏ป๏บ๏ปง๏ปฎู ุง๏ป๏ปฎุข๏ปผุก ูุง๏ป๏ปฎ๏บณ๏ป๏บุก ุง๏ป๏บ๏บ๏บุฑ๏ปณ๏ปด๏ปฆ ๏ป๏บด๏ปจ๏บ 2001 ( ู๏ปณ๏ป๏ปค๏ป ๏บ...,. ุจ ๏ปป ๏บ๏บด๏ปค๏ป ุฏ๏ป๏ปฎู ๏บท๏บจ๏บบ ๏ปณ๏ป๏ปฎู ๏บ๏บ๏ป๏ปค๏บู ู๏บณ๏บ๏ป๏บ ๏บ๏บ๏บุฑ๏ปณ๏บ ๏บฟ๏บช ุฃู ๏ปฃ๏ปฆ ๏ป๏บฎ๏ป๏ปฒ ๏ป๏ป๏บช ุขู๏บู ู๏บณู๏ปด๏ป๏บ ๏ปู๏ปฒ ุง๏บ๏บฎุง๏ปฃู๏ปช ุง๏ปป ุงุฐุง ุข๏บู ๏ปฃ๏บด๏บ๏ปผ ู๏บณ๏ปด๏ป๏บ ๏บ๏บ๏บุฑ๏ปณ๏บ . ุง๏ป๏ปค๏บุฏุฉ 11 ๏ปณ๏ป๏บ๏บฐู ุง๏ป๏ปฎุข๏ปด๏ป ุง๏ป๏บ๏บู๏บุฑู ๏บ๏บู๏ปฎ๏ป๏ปด๏บฎ ๏ปฃู๏บ ๏ปณ๏ป๏ปู๏ปฒ ๏ปฃู๏ปฆ ๏ป๏ปู๏ป ุง๏ป๏ป๏ปดู๏บุฑ ู๏ปฃ๏บฎุงุขู๏บฐ ุง๏ปู๏บผ๏ปด๏บ๏ปง...,ุง๏ป๏ปค๏บุฏุฉ21 ๏ปณ๏ป๏ป๏ปฐ ๏ป๏บ๏ปง๏ปฎู ุง๏ป๏ปฎุข๏ปผุก ูุง๏ป๏ปฎ๏บณ๏ป๏บุก ุง๏ป๏บ๏บ๏บุฑ๏ปณ๏ปด๏ปฆ ุฑ๏ป๏ปข )44 ( ๏ป๏บด๏ปจ๏บ1985 . ุง๏ป๏ปค๏บุฏุฉ22 ุฑ๏บ๏ปด๏บฒ ุง๏ป๏ปฎุฒุฑุงุก ูุง๏ป๏ปฎุฒุฑุงุก ๏ปฃ๏ป๏ป๏ป๏ปฎู ๏บ๏บ๏ปจ๏ป๏ปด๏บฌ ุง๏บฃ๏ป๏บู ู๏บฌุง ุง๏ป๏ป๏บ๏ปง๏ปฎู .,True
laws_30,ูุงููู ุชุตุฏูู ุงูุถูุงู ุงูุฃุฑุฏู ุฅูู ููุธูุฉ ุงูุชุฌุงุฑุฉ ุงูุนุงูููุฉ ุฑูู 4 ูุณูุฉ 2000,ุงูููุงููู,unknown,125,0.766,PRIMARILY_ARABIC,,ูุงููู ุชุตุฏูู ุงูุถูุงู ุงุงูุฑุฏู ุงูู ููุธูุฉ ุงูุชุฌุงุฑุฉ ุงูุนุงูููุฉ ุฑูู4 ูุณูุฉ0222 ุงูููุดูุฑ ุนูู ุงูุตูุญุฉ012 ูู ุนุฏุฏ ุงูุฌุฑูุฏุฉ ุงูุฑุณููุฉ ุฑูู4414 ุจุชุงุฑูุฎ0222 /0/ 04 ุงููุงุฏุฉ1 ูุณูู ูุฐุง ุงููุงููู (ูุงููู ุชุตุฏูู ุงูุถูุงู ุงูููููุฉ ุงุงูุฑุฏููุฉ ...,ุงููุงุฏุฉ0 ุฃ . ูุนุชุจุฑ ุจุฑูุชูููู ุงูุถูุงู ุงูููููุฉ ุงุงูุฑุฏููุฉ ุงููุงุดููุฉ ุงูู ุงุชูุงู ูุฑุงูุด ุงูููุดุฆ ูููุธูุฉ ุงูุชุฌุงุฑุฉ ุงูุนุงูููุฉ ุงููุฑูู ุจูุฐุง ุงููุงููู ูุงููุนุชูุฏ ูู ูุจู ุงููุฌูุณ ุงูุนุงู ููููุธูุฉ ุงููุฐููุฑุฉ ุจุชุงุฑูุฎ11 / 10 / 1111 ูุนุชูุฏุง...,ุจ. ุชูุถู ุงูููููุฉ ุงุงูุฑุฏููุฉ ุงููุงุดููุฉ ุงูู ููุธูุฉ ุงูุชุฌุงุฑุฉ ุงูุนุงูููุฉ ูููุง ููุจุฑูุชูููู ุงููุฐููุฑ ูู ุงูููุฑุฉ (ุฃ) ูู ูุฐู ุงููุงุฏุฉ. ุงููุงุฏุฉ3 ุฑ ุฆูุณ ุงููุฒุฑุงุก ูุงููุฒุฑุงุก ูููููู ุจุชูููุฐ ูุฐุง ุงููุงููู. 24/ 2/ 2000,False
systems_31,ุงููุธุงู ุงููุงูู ูุชุนุฏููุงุชู ุฑูู 3 ูุณูุฉ 1994,ุงูุฃูุธูุฉ,unknown,7427,0.489,PRIMARILY_ARABIC,,ูุฏุฑุงูุงpยฅยฃุฑุงูุง - ุงููุงุฏุฉ 1 ร- ุงููุงุฏุฉ 1 ยยฃ90ย- ุงููุงุฏุฉ 1 - ุงููุงุฏุฉ 1-40-10 ูุงูุฑุณูุง ุฎูุฑุงุช994ยร4ยร ูุงูุฑุณูุง ุฎูุฑุงุช9ยฅE ูุฏุฑุงูุง! H9ุฑุงูุง 1-40-10 ูุงูุฑุณูุง ุฎูุฑุงุช - ุงููุงุฏุฉ 1 ร- ุงููุงุฏุฉ 1 ยยฃ90ย- ุงููุงุฏุฉ 1 - ุงููุงุฏุฉ 1...,1Fูุฏุฑุงูุงย ูุฏุฑุงูุง&Hยด /Z ยุฑุงูุง  V ูุงูุฑุณูุง ุฎูุฑุงุช Y/29 ูุฏุฑุงูุงZ ูุฏุฑุงูุง 29ย ูุฏุฑุงูุง0 &; b9 ; ูุฏุฑุงูุง*q; qยท ูุฏุฑุงูุง1&R ูุฏุฑุงูุงCยปยท W ูุฏุฑุงูุง%2H ูุฏุฑุงูุง 9[ -'29 ยยป ูุงูุฑุณูุง ุฎูุฑุงุช &3/29 ย ย ย99ย ูุฏุฑ...,ุธู ุจุฌููุจ ููุฏุนุชูุง ูุชุญ ูุฏุฑุงูุง994 ; 1!  3 Vยฅ ยปูุฏุฑุงูุง0%9ยฅ ย3X 19 ยป309 *F 9p V ูุฏุฑุงูุง0 &H )9ุธููู ูุฏุนู ูุงุธู ุจุฌููุจ ููุฏุนุชูุง ูุชุญ 2-10-10 ูุงูุฑุณูุง ุฎูุฑุงุชร2-10-10 ูุงูุฑุณูุง ุฎูุฑุงุช3/ร/1-40-10 ูุงูุฑุณูุง ุฎูุฑุงุช1-...,False
systems_32,ูุธุงู ุงูุงูุชูุงู ูุงูุณูุฑ ูุชุนุฏููุงุชู ุฑูู 56 ูุณูุฉ 1981,ุงูุฃูุธูุฉ,unknown,6935,0.478,PRIMARILY_ARABIC,,ูุฏุฑุงูุงpยฅยฃุฑุงูุง - ุงููุงุฏุฉ 1 ร- ุงููุงุฏุฉ 1 ยยฃ90ย- ุงููุงุฏุฉ 1 - ุงููุงุฏุฉ 1-60-10 ูุงูุฑุณูุง ุฎูุฑุงุช98รย1-60-10 ูุงูุฑุณูุง ุฎูุฑุงุช6ยร ูุงูุฑุณูุง ุฎูุฑุงุช9ยฅE ูุฏุฑุงูุง! H9ุฑุงูุง 1-60-10 ูุงูุฑุณูุง ุฎูุฑุงุช - ุงููุงุฏุฉ 1 ร- ุงููุงุฏุฉ 1 ยยฃ90ย-...,(9ยง / -139ย ูุฏุฑุงูุง - ุงููุงุฏุฉ 1 รร- ุงููุงุฏุฉ 1 ยยฃ90ย- ุงููุงุฏุฉ 1 - ุงููุงุฏุฉ รร2-80-10 ูุงูุฑุณูุง ุฎูุฑุงุช7ยร4ยร ูุงูุฑุณูุง ุฎูุฑุงุช9ยฅE ูุฏุฑุงูุง! H9ุฑุงูุง 1-60-10 ูุงูุฑุณูุง ุฎูุฑุงุช - ุงููุงุฏุฉ 1 ร0- ุงููุงุฏุฉ 1 ยยฃ90ย- ุงููุงุฏุฉ 1 - ...,3X 19 ยป309 *F 9p V ูุฏุฑุงูุง0 &H )9ุธูู ูุฏุนู ูุงุธู ุจุฌููุจ ููุฏุนุชูุง ูุชุญ 2-80-10 ูุงูุฑุณูุง ุฎูุฑุงุชร2-80-10 ูุงูุฑุณูุง ุฎูุฑุงุช3/1-60-10 ูุงูุฑุณูุง ุฎูุฑุงุช/1-60-10 ูุงูุฑุณูุง ุฎูุฑุงุช1-60-10 ูุงูุฑุณูุง ุฎูุฑุงุช41-60-10 ูุงูุฑุณูุง ุฎูุฑ...,False
systems_33,ูุธุงู ุงููุดุชุฑูุงุช ุงูุญููููุฉ ูุชุนุฏููุงุชู ุฑูู 8 ูุณูุฉ 2022,ุงูุฃูุธูุฉ,unknown,25331,0.459,PRIMARILY_ARABIC,,ูุฏุฑุงูุงpยฅยฃุฑุงูุง - ุงููุงุฏุฉ 1 ร- ุงููุงุฏุฉ 1 ยยฃ90ย- ุงููุงุฏุฉ 1 - ุงููุงุฏุฉ 2-20-51 ูุงูุฑุณูุง ุฎูุฑุงุช0ย2-20-51 ูุงูุฑุณูุง ุฎูุฑุงุช2-20-51 ูุงูุฑุณูุง ุฎูุฑุงุช0รย2-20-51 ูุงูุฑุณูุง ุฎูุฑุงุช5 ูุงูุฑุณูุง ุฎูุฑุงุช9ยฅE ูุฏุฑุงูุง! H9ุฑุงูุง - ุงููุงุฏุฉ 1 ...,"Yยผ ูุฏุฑุงูุง, 1[ ูุฏุฑุงูุง0-Yยทย ยปย  S / 1; ูุฏุฑุงูุง Hูุฏุฑุงูุงย ูุฏุฑุงูุง0! -/3W ูุฏุฑุงูุง F9ย ! %9ยฅW 019%; %9ยฅ*2V ยปHยป_2V ยปูุฏุฑุงูุง Yb3; 9 *Fqย ูุฏุฑุงูุง 9b; 29ย ยฆย ูุงูุฑุณูุง ุฎูุฑุงุช*F  1; ูุฏุฑุงูุง Hูุฏุฑุง...",1; 2-20-51 ูุงูุฑุณูุง ุฎูุฑุงุช2-20-51 ูุงูุฑุณูุง ุฎูุฑุงุช8 Vยฅ ยปูุฏุฑุงูุง0%9ยฅ ย3X 19 ยป309 *F 9p V ูุฏุฑุงูุง0 &H )9ุธูู ูุฏุนู ูุงุธู ุจุฌููุจ ููุฏุนุชูุง ูุชุญ ุชุงุฑูุฎ ุงูุณุฑูุงู 15-02-20ุชุงุฑูุฎ ุงูุณุฑูุงู 15-02-23/รร/ร5 44 / 44 ; 3Y...,False
systems_34,ูุธุงู ุงูุณูู ุงูุฏุจูููุงุณู ุงูุงุฑุฏูู ูุชุนุฏููุงุชู ุฑูู 68 ูุณูุฉ 1993,ุงูุฃูุธูุฉ,unknown,14576,0.454,PRIMARILY_ARABIC,,ูุฏุฑุงูุงpยฅยฃุฑุงูุง - ุงููุงุฏุฉ 1 ร- ุงููุงุฏุฉ 1 ยยฃ90ย- ุงููุงุฏุฉ 1 - ุงููุงุฏุฉ 1-10-10 ูุงูุฑุณูุง ุฎูุฑุงุช994ยร ูุงูุฑุณูุง ุฎูุฑุงุช9ยฅE ูุฏุฑุงูุง! H9ุฑุงูุง 1-10-10 ูุงูุฑุณูุง ุฎูุฑุงุชรย1-10-10 ูุงูุฑุณูุง ุฎูุฑุงุช - ุงููุงุฏุฉ 1 ร- ุงููุงุฏุฉ 1 ยยฃ90ย-...,H9ุฑุงูุง - ุงููุงุฏุฉ 1 รร- ุงููุงุฏุฉ 1 ยยฃ90ย- ุงููุงุฏุฉ 1 - ุงููุงุฏุฉ รย2-40-70 ูุงูุฑุณูุง ุฎูุฑุงุช2-40-70 ูุงูุฑุณูุง ุฎูุฑุงุชร2-40-70,ูุฏุฑุงูุง993 ; 1!  68 Vยฅ ยปูุฏุฑุงูุง0%9ยฅ ย3X 19 ยป309 *F 9p V ูุฏุฑุงูุง0 &H )9ุธูู ูุฏุนู ูุงุธู ุจุฌููุจ ููุฏุนุชูุง ูุชุญ 2-40-70 ูุงูุฑุณูุง ุฎูุฑุงุชร2-40-70 ูุงูุฑุณูุง ุฎูุฑุงุช3/1-10-10 ูุงูุฑุณูุง ุฎูุฑุงุช/1-10-10 ูุงูุฑุณูุง ุฎูุฑุงุช1-1...,False
systems_35,ูุธุงู ุตูุฏูู ุฏุนู ูุชุทููุฑ ุงูุตูุงุนุฉ ุฑูู (45) ูุณูุฉ 2022,ุงูุฃูุธูุฉ,unknown,2115,0.422,PRIMARILY_ARABIC,,ูุฏุฑุงูุงpยฅยฃุฑุงูุง - ุงููุงุฏุฉ 1 ร- ุงููุงุฏุฉ 1 ยยฃ90ย- ุงููุงุฏุฉ 1 - ุงููุงุฏุฉ 2-80-61 ูุงูุฑุณูุง ุฎูุฑุงุช0ย2-80-61 ูุงูุฑุณูุง ุฎูุฑุงุช2-80-61 ูุงูุฑุณูุง ุฎูุฑุงุช08ยร6 ูุงูุฑุณูุง ุฎูุฑุงุช9ยฅE ูุฏุฑุงูุง! H9ุฑุงูุง - ุงููุงุฏุฉ 1 ร- ุงููุงุฏุฉ 1 ยยฃ90ย- ...,9ยธ Gูุฏุฑุงูุง ูุฏุฑุงูุง0 ย923/ HยฆYรรยณ ยยฝ ยYยฅ ย Hยผ ูุงูุฑุณูุง ุฎูุฑุงุช */S 9&1Fยปยต *H_29 ูุฏุฑุงูุง ยย ูุงูุฑุณูุง ุฎูุฑุงุช 0P ูุฏุฑุงูุง/ 1; FYย W ยฅ^3! 29 ยยป 9^X 1F 39X /09 ยฃ< ูุฏุฑุงูุง 9; ยป.,1; 2-80-61 ูุงูุฑุณูุง ุฎูุฑุงุช2-80-61 ูุงูุฑุณูุง ุฎูุฑุงุช4ร Vยฅ ยธ9) H& 0ยปูุฏุฑุงูุง0%9ยฅ ย3X 19 ยป309 *F 9p V ูุฏุฑุงูุง ุชุงุฑูุฎ ุงูุณุฑูุงู 16-08-20ุชุงุฑูุฎ ุงูุณุฑูุงู 16-08-23/ร0/ุชุงุฑูุฎ ุงูุณุฑูุงู 16-08-28 ร / ร ; 3Y9-k! (9ยง...,False
systems_36,ูุธุงู ุดุฑูุท ููุคููุงุช ููุงุฌุจุงุช ุงูููุชุด ูุชูุธูู ุนูู ุฅุฏุงุฑุฉ ุงูุชูุชูุด ุฑูู (113) ูุณูุฉ 2018,ุงูุฃูุธูุฉ,unknown,1899,0.441,PRIMARILY_ARABIC,,ูุฏุฑุงูุงpยฅยฃุฑุงูุง - ุงููุงุฏุฉ 1 ร- ุงููุงุฏุฉ 1 ยยฃ90ย- ุงููุงุฏุฉ 1 - ุงููุงุฏุฉ 2-21-51 ูุงูุฑุณูุง ุฎูุฑุงุช018ย1ย2-21-51 ูุงูุฑุณูุง ุฎูุฑุงุช15 ูุงูุฑุณูุง ุฎูุฑุงุช9ยฅE ูุฏุฑุงูุง! H9ุฑุงูุง - ุงููุงุฏุฉ 1 ร- ุงููุงุฏุฉ 1 ยยฃ90ย- ุงููุงุฏุฉ 1 - ุงููุงุฏุฉ 2-...,"0; ยปูุฏุฑุงูุง */309ย ูุฏุฑุงูุง&9ยฃยฅย 0- '9ยบ 09  Fยธ ยFูุฏุฑุงูุงยด ยป99ย ูุฏุฑุงูุง , 3K Fยผ ูุฏุฑุงูุง 2; ูุฏุฑุงูุง0H*3; ูุฏุฑุงูุง 1)303; ูุฏุฑุงูุง [ 0 /29ย ยย ูุฏุฑุงูุง Fูุฏุฑุงูุงยธ 29ยฅูุฏุฑุงูุง ูุงูุฑุณูุง ุฎูุฑุงุชX ูุฏุฑุงูุง0*H3;...",9ยธ Gูุฏุฑุงูุง ูุฏุฑุงูุง1)9ยธ ย 1/2-21-51 ูุงูุฑุณูุง ุฎูุฑุงุช9/2-21-51 ูุงูุฑุณูุง ุฎูุฑุงุช018 2-21-51 ูุงูุฑุณูุง ุฎูุฑุงุช02-21-51 ูุงูุฑุณูุง ุฎูุฑุงุช3/10/2-21-51 ูุงูุฑุณูุง ุฎูุฑุงุช82-21-51 ูุงูุฑุณูุง ุฎูุฑุงุช / 2-21-51 ูุงูุฑุณูุง ุฎูุฑุงุช; 3Y9-...,False
systems_37,ูุธุงู ุงูุชูููุถ ูุชุดููู ูุฌุงู ุงูุชูุชูุด ุงููุดุชุฑูุฉ ุฑูู (112) ูุณูุฉ 2018,ุงูุฃูุธูุฉ,unknown,2820,0.434,PRIMARILY_ARABIC,,ูุฏุฑุงูุงpยฅยฃุฑุงูุง - ุงููุงุฏุฉ 1 ร- ุงููุงุฏุฉ 1 ยยฃ90ย- ุงููุงุฏุฉ 1 - ุงููุงุฏุฉ 2-21-51 ูุงูุฑุณูุง ุฎูุฑุงุช018ย1ย2-21-51 ูุงูุฑุณูุง ุฎูุฑุงุช15 ูุงูุฑุณูุง ุฎูุฑุงุช9ยฅE ูุฏุฑุงูุง! H9ุฑุงูุง - ุงููุงุฏุฉ 1 ร- ุงููุงุฏุฉ 1 ยยฃ90ย- ุงููุงุฏุฉ 1 - ุงููุงุฏุฉ 2-...,"ูุง , 3%3; /Z ูุฏุฑุงูุงC%(; ูุฏุฑุงูุงp &9ยฃ; ย ร ยยร ูุงูุฑุณูุง ุฎูุฑุงุช-Yยธ ูุฏุฑุงูุง/ 1; ูุฏุฑุงูุง*/39  -33V ูุฏุฑุงูุง1 9^> ูุฏุฑุงูุง0 H ูุงูุฑุณูุง ุฎูุฑุงุช; /Z 0/3; ูุฏุฑุงูุง , YMย ยป29 ย+9ย ูุฏุฑุงูุง , YM ูุฏุฑุงูุงยคูุฏุฑุงู...",9ยธ Gูุฏุฑุงูุง ูุฏุฑุงูุง1)9ยธย ร 1/2-21-51 ูุงูุฑุณูุง ุฎูุฑุงุช9/2-21-51 ูุงูุฑุณูุง ุฎูุฑุงุช018 ุชุงุฑูุฎ ุงูุณุฑูุงู 15-12-20ุชุงุฑูุฎ ุงูุณุฑูุงู 15-12-23/10/ุชุงุฑูุฎ ุงูุณุฑูุงู 15-12-28 4 / 4 ; 3Y9-k! (9ยง / -139ย ูุฏุฑุงูุง,False
systems_38,ูุธุงู ุงูุงุนุชุฑุงุถ ุนูู ูุฑุงุฑุงุช ูุงุฌุฑุงุกุงุช ุงูุชูุชูุด ุฑูู (111) ูุณูุฉ 2018,ุงูุฃูุธูุฉ,unknown,2233,0.446,PRIMARILY_ARABIC,,ูุฏุฑุงูุงpยฅยฃุฑุงูุง - ุงููุงุฏุฉ 1 ร- ุงููุงุฏุฉ 1 ยยฃ90ย- ุงููุงุฏุฉ 1 - ุงููุงุฏุฉ 2-21-51 ูุงูุฑุณูุง ุฎูุฑุงุช018ย1ย2-21-51 ูุงูุฑุณูุง ุฎูุฑุงุช15 ูุงูุฑุณูุง ุฎูุฑุงุช9ยฅE ูุฏุฑุงูุง! H9ุฑุงูุง - ุงููุงุฏุฉ 1 ร- ุงููุงุฏุฉ 1 ยยฃ90ย- ุงููุงุฏุฉ 1 - ุงููุงุฏุฉ 2-...,"ูุฏุฑุงูุงยช Fยผ 2; ูุฏุฑุงูุง , 3K /Z ูุงูุฑุณูุง ุฎูุฑุงุช-HH ูุฏุฑุงูุง0, K 09  Yยฆ ูุฏุฑุงูุงp Hูุฏุฑุงูุงยช /Z ูุฏุฑุงูุงtHูุฏุฑุงูุงย ยยป ูุฏุฑุงูุง-Hูุฏุฑุงูุงยฅ ูุฏุฑุงูุงGุงุตุชูุงูุง ุทุงุดููุง ููุน ูุฆุงููุง ูุงูุฑุณูุง ุฎูุฑุงุช&Fยฅยบ 2; ูุฏุฑุงูุง , 3K ...",9ยธ Gูุฏุฑุงูุง ูุฏุฑุงูุง1)9ยธย ร 1/2-21-51 ูุงูุฑุณูุง ุฎูุฑุงุช9/2-21-51 ูุงูุฑุณูุง ุฎูุฑุงุช018 ุชุงุฑูุฎ ุงูุณุฑูุงู 15-12-20ุชุงุฑูุฎ ุงูุณุฑูุงู 15-12-23/10/ุชุงุฑูุฎ ุงูุณุฑูุงู 15-12-28 3 / 3 ; 3Y9-k! (9ยง / -139ย ูุฏุฑุงูุง,False
systems_39,ูุธุงู ุงูุชูุธูู ุงูุฅุฏุงุฑู ููุฒุงุฑุฉ ุงูุตูุงุนุฉ ูุงูุชุฌุงุฑุฉ ูุงูุชูููู ุฑูู (68) ูุณูุฉ 2023,ุงูุฃูุธูุฉ,unknown,1153,0.771,PRIMARILY_ARABIC,,5424 ูุญู ุนุจุฏูููุง ุงูุซุงูู ุงุจู ุงูุญุณูู ููู ุงูููููุฉ ุงุงูุฑุฏููู ูู ุฉ ุงููุงุดููู ููู ููุฉ ( ุจููุชุถูููู ุงููููููุงุฏุฉ120 ) ููููููููู ุงูุฏุณุชูููููููู ู ูููููู ู ูู ูู ูููููููููู ูุฑ ู ูู ูู ูุจููุงุก ุนูู ูุง ูููุฑุฑู ูุฌููููุณ ุงู...,ููู ูู ุงููุญุงูุธุงุช ุงููููุงุฏุฉ5 - ( ุนูู ุงูุฑุบู ููููุง ูุฑุฏ ูู ุงููููุงุฏุฉ4 ) ูู ูููุธุง ุงููุธููุงูู ูููุฒูุฑ ุชุนููุฏูููุง ูู ูุฑุชุจุท ุจุฃู ูู ูุณููููููุงุนุฏู ุงุฃูููู ุงูุนุงู ูููุฒุงุฑุฉ ูููุง ููุง ุชูุชุถูููููููุด . ูุตูุญุฉ ุงูุนูุง ูููุง 5427 ุงู...,ุงูุดูุงูู ูุฒูุฑ ุงูุฏุงุฎููุฉ ููุฒูุฑ ุงูุตุญุฉ ุจุงูููุงูุฉ ูุงุฒู ุนุจุฏุง ููู ูุงูู ุงููุฑุงูุฉ ูุฒูุฑ ุงูุจูุฆุฉ ุงูุฏูุชูุฑ ูุนุงููุฉ ุฎุงูุฏ ูุญูุฏ ุงูุฑุฏุงูุฏู ูุฒูุฑ ุงูุชูููุฉ ุงุงูุฌุชูุงุนูุฉ ููุงุก ุณุนูุฏ ูุนููุจ ุจูู ูุตุทูู ูุฒูุฑ ุฏููุฉ ููุดุคูู ุงููุงููููุฉ ููุฒูุฑ ุง...,False
systems_40,ูุธุงู ุชูุธูู ุงูุจูุฆุฉ ุงูุงุณุชุซูุงุฑูุฉ ุฑูู (7) ูุณูุฉ 2023,ุงูุฃูุธูุฉ,unknown,38743,0.426,PRIMARILY_ARABIC,,ูุฏุฑุงูุงpยฅยฃุฑุงูุง - ุงููุงุฏุฉ 1 ร- ุงููุงุฏุฉ 1 ยยฃ90ย- ุงููุงุฏุฉ 1 - ุงููุงุฏุฉ 2-20-21 ูุงูุฑุณูุง ุฎูุฑุงุช02-20-21 ูุงูุฑุณูุง ุฎูุฑุงุช3ย0 ูุงูุฑุณูุง ุฎูุฑุงุช9ยฅE ูุฏุฑุงูุง! H9ุฑุงูุง 2-20-21 ูุงูุฑุณูุง ุฎูุฑุงุชรย2-20-21 ูุงูุฑุณูุง ุฎูุฑุงุช - ุงููุงุฏุฉ 1...,; ูุฏุฑุงูุง0! /; [ ูุฏุฑุงูุง019S ูุฏุฑุงูุง 10Y; ูุฏุฑุงูุง Hูุฏุฑุงูุง ูุฏุฑุงูุง'9; 12ยณ9 ูุฏุฑุงูุงยณZ ยณ9[ 19S ูุฏุฑุงูุง00/. ; +99ย ูุฏุฑุงูุง &13P ูุฏุฑุงูุง I^[ ยยป ูุฏุฑุงูุง . 09ยท ูุฏุฑุงูุง&1P ยยป ูุฏุฑุงูุงtbq., 7 Vยฅ ยธ9) H& 0ยปูุฏุฑุงูุง0%9ยฅ ย3X 19 ยป309 *F 9p V ูุฏุฑุงูุง ุชุงุฑูุฎ ุงูุณุฑูุงู 12-02-20ุชุงุฑูุฎ ุงูุณุฑูุงู 12-02-23/ร0/ุชุงุฑูุฎ ุงูุณุฑูุงู 12-02-28 7ร / 7ร ; 3Y9-k! (9ยง / -139ย ูุฏุฑุงูุง,False
systems_45,ูุธุงู ุบุฑู ุงูุตูุงุนุฉ ุฑูู 56 ูุณูุฉ 2005 ูุชุนุฏููุงุชู,ุงูุฃูุธูุฉ,unknown,3107,0.778,PRIMARILY_ARABIC,NO_LEGAL_TERMS,: ุง๏ป๏บด๏ปจ๏บ2005 : ุง๏ป๏ปค๏ปฎุงุฏ ๏ป๏บชุฏ36 : ุง๏ป๏บด๏บฎ๏ปณ๏บู ๏บ๏บุฑ๏ปณ๏บฆ2005-08-16 (2005 ๏ป๏บด๏ปจ๏บ ุง๏ป๏บผ๏ปจ๏บ๏ป๏บ ๏ป๏บฎู ๏ปง๏ป๏บู ) 2005 ๏ป๏บด๏ปจ๏บ 56 ุฑ๏ป๏ปข ๏ปง๏ป๏บู ู๏บ๏ป๏บช๏ปณ๏ปผ๏บ๏ปช ุง๏ป๏บ๏บฎ๏ปณ๏บชุฉ ุฑ๏ป๏ปข4717 ุง๏ป๏บผ๏ป๏บค๏บ3591 ุง๏ป๏บ๏บุฑ๏ปณ๏บฆ2005-08-16 ( 1 ) ุง๏ป๏ปค๏บุฏุฉ ุง๏ป๏ป๏ปค๏ป ู๏บ๏บชุก ุง๏ป๏บ๏บด๏ปค๏ปด๏บ . ุง๏ป๏บฎ๏บณ๏ปค๏ปด๏บ...,๏ปง๏ปฌ๏บ๏บ๏ปด๏บ ๏ป๏บฎุงุฑ๏ปซ๏บ ( 14 ) ุง๏ป๏ปค๏บุฏุฉ ๏บ๏บ๏ป๏บ๏บฐ๏ป๏ปด๏บ ุง๏ป๏ป๏ปฎุฒ ุง๏ป๏ป๏ป๏บ๏ป๏บุช ๏ป๏บ๏ปค๏บ๏ปด๏ป ุงู ุง๏ป๏บผ๏ปจ๏บ๏ป๏ปด๏บ ุง,ุง๏ป๏ปฌ๏บ๏บท๏ปค๏ปด๏บ ุง๏ปทุฑุฏ๏ปง๏ปด๏บ ุง๏ป๏ปค๏ปค๏ป๏ป๏บ ๏ป๏ปฒ 13/06/2011 ๏บ๏บ๏บุฑ๏ปณ๏บฆ( 827 )ุง๏ป๏บฎ๏ป๏ปข,True
systems_46,ูุธุงู ุงูุดุฑูุงุช ุฑูู 77 ูุณูุฉ 2008 ูุชุนุฏููุงุชู,ุงูุฃูุธูุฉ,unknown,689,0.739,PRIMARILY_ARABIC,NO_LEGAL_TERMS,: ุง๏ป๏บด๏ปจ๏บ2008 : ุง๏ป๏ปค๏ปฎุงุฏ ๏ป๏บชุฏ10 : ุง๏ป๏บด๏บฎ๏ปณ๏บู ๏บ๏บุฑ๏ปณ๏บฆ2008-08-17 (2008 ๏ป๏บด๏ปจ๏บ ุง๏ป๏บธ๏บฎ๏ป๏บุช ๏ปง๏ป๏บู ) 2008 ๏ป๏บด๏ปจ๏บ 77 ุฑ๏ป๏ปข ๏ปง๏ป๏บู ู๏บ๏ป๏บช๏ปณ๏ปผ๏บ๏ปช ุง๏ป๏บ๏บฎ๏ปณ๏บชุฉ ุฑ๏ป๏ปข4924 ุง๏ป๏บผ๏ป๏บค๏บ3574 ุง๏ป๏บ๏บุฑ๏ปณ๏บฆ2008-08-17 ( 1 ) ุง๏ป๏ปค๏บุฏุฉ ุง๏ป๏ป๏ปค๏ป ู๏บ๏บชุก ุง๏ป๏บ๏บด๏ปค๏ปด๏บ . ุง๏ป๏บฎ๏บณ๏ปค๏ปด๏บ ุง๏ป๏บ...,ุง๏ป๏ปจ๏ป๏บู ๏ปซ๏บฌุง ๏ปป๏บฃ๏ป๏บู ู๏ป๏ป๏บ ุง๏ป๏ปค๏ป๏บฎุฑุฉ ุง๏ป๏บฎ๏บณ๏ปฎู ุง๏บณ๏บ๏ปด๏ป๏บุก ๏บฃ๏ปด๏บ ๏ปฃ๏ปฆ ุง๏ป๏บจ๏บ๏บป๏บ ุง๏ป๏ปค๏บด๏บ๏ปซ๏ปค๏บ ุง๏ป๏บธ๏บฎ๏ป๏บ ๏ปฃ๏ป๏บ๏ปฃ๏ป๏บ ๏บ๏บ๏ปป๏บณ๏ปฌ๏ปข ุง๏ป๏บ๏ปฎ๏บป๏ปด๏บ ๏บท๏บฎ๏ป๏บ ๏บ๏ป๏บ๏ปฃ๏ป. 3 ( 5 ) ุง๏ป๏ปค๏บุฏุฉ ูุง๏ป๏ปค๏ป๏บฎ ุง๏ป๏ป๏บฎุน ๏บ๏บด๏บ๏ปด๏ป ุฑ๏บณ๏ปฎู ุง๏ป๏ปค๏ปค๏ป๏ป๏บ ๏ป๏ปฒ ุง๏ปท๏บ๏ปจ๏บ๏ปด๏บ ๏ป๏ป๏บธ๏บฎ๏ป๏บ ุง๏ป๏ป๏บ๏ปฃ๏ป ุง๏ป๏ป๏บฎุน ๏บ๏บด๏บ๏ปด๏ป ๏ป๏ปฆ ุฏ๏ปณ๏ปจ๏บ...,ุง๏ป๏ปฌ๏บ๏บท๏ปค๏ปด๏บ ุง๏ปทุฑุฏ๏ปง๏ปด๏บ ุง๏ป๏ปค๏ปค๏ป๏ป๏บ ๏ป๏ปฒ 13/06/2011 ๏บ๏บ๏บุฑ๏ปณ๏บฆ( 827 )ุง๏ป๏บฎ๏ป๏ปข,True
systems_47,ูุธุงู ุบุฑู ุงูุชุฌุงุฑุฉ ุฑูู 45  ูุณูุฉ 2009 ูุชุนุฏููุงุชู,ุงูุฃูุธูุฉ,unknown,3020,0.786,PRIMARILY_ARABIC,NO_LEGAL_TERMS,: ุง๏ป๏บด๏ปจ๏บ2009 : ุง๏ป๏ปค๏ปฎุงุฏ ๏ป๏บชุฏ38 : ุง๏ป๏บด๏บฎ๏ปณ๏บู ๏บ๏บุฑ๏ปณ๏บฆ2009-07-19 (2009 ๏ป๏บด๏ปจ๏บ ุง๏ป๏บ๏บ๏บุฑุฉ ๏ป๏บฎู ๏ปง๏ป๏บู ) 2009 ๏ป๏บด๏ปจ๏บ 45 ุฑ๏ป๏ปข ๏ปง๏ป๏บู ู๏บ๏ป๏บช๏ปณ๏ปผ๏บ๏ปช ุง๏ป๏บ๏บฎ๏ปณ๏บชุฉ ุฑ๏ป๏ปข4972 ุง๏ป๏บผ๏ป๏บค๏บ3469 ุง๏ป๏บ๏บุฑ๏ปณ๏บฆ2009-07-19 ( 1 ) ุง๏ป๏ปค๏บุฏุฉ ุง๏ป๏บฎ๏บณ๏ปค๏ปด๏บ ุง๏ป๏บ๏บฎ๏ปณ๏บชุฉ ๏ป๏ปฒ ๏ปง๏บธ๏บฎู ๏บ๏บุฑ๏ปณ...,"๏บ๏ปค๏ปฌ๏บ๏ปฃ๏ปฌ๏บ ุง๏ป๏ป๏ปด๏บู ๏ป๏ป๏ปฐ ๏ป๏ปค๏บด๏บ๏ป๏บช๏บ๏ปฌ๏บ ูุฐ๏ป๏ป ุง๏ป๏ปค๏บ๏บณ๏บด๏บุช ( 14 ) ุง๏ป๏ปค๏บุฏุฉ : -ุง๏ป๏บ๏บ๏ป๏ปด๏บ ุง๏ป๏ปด๏ปค๏ปด๏ปฆ ุง๏ป๏ป๏บ๏ปณ๏บ ๏ป๏ปฌ๏บฌู ๏ปณ๏ป๏ปฎ๏บฟ๏ปช ๏ปฃ๏ปฆ ุงู ุง๏ป๏ปฌ๏ปด๏บ๏บ ๏ปฃ๏ป๏ปฎ๏บฟ๏ปฒ ๏ปฃ๏บ๏ป๏บฒ ุฑ๏บ๏ปด๏บฒ ุฃ๏ปฃ๏บู ุง๏ป๏ป๏ปค๏ป ๏ปฃ๏บ๏บ๏บท๏บฎ๏บ๏ปฌ๏ปข ๏ป๏บ๏ป ูุฃ๏ป๏ป๏บุค๏ปซ๏บ ุง๏ปน๏บท๏บฎุงู ๏ป๏บ๏บู ุฑุค๏บณ๏บุก ๏ปณ๏ป๏บด๏ปข ""ู๏บฃ๏ปด๏บุฏ ู๏ปง๏บฐุง๏ปซ๏บ ๏บ๏บ๏ปฃ",ุง๏ป๏ปฌ๏บ๏บท๏ปค๏ปด๏บ ุง๏ปทุฑุฏ๏ปง๏ปด๏บ ุง๏ป๏ปค๏ปค๏ป๏ป๏บ ๏ป๏ปฒ 13/06/2011 ๏บ๏บ๏บุฑ๏ปณ๏บฆ( 827 )ุง๏ป๏บฎ๏ป๏ปข,True
systems_48,ุงููุธุงู ุงูุฏุงุฎูู ูุฌูุนูุฉ ุงููุญุงุณุจูู ุงููุงูููููู ุฑูู 122 ูุณูุฉ 2004 ูุชุนุฏููุงุชู,ุงูุฃูุธูุฉ,unknown,2132,0.769,PRIMARILY_ARABIC,NO_LEGAL_TERMS,: ุง๏ป๏บด๏ปจ๏บ2004 : ุง๏ป๏ปค๏ปฎุงุฏ ๏ป๏บชุฏ24 : ุง๏ป๏บด๏บฎ๏ปณ๏บู ๏บ๏บุฑ๏ปณ๏บฆ2004-10-17 ๏ป๏บ๏ปค๏ป๏ปด๏บ ุง๏ป๏บชุง๏บง๏ป๏ปฒ ุง๏ป๏ปจ๏ป๏บู ) 2004 ๏ป๏บด๏ปจ๏บ 122 ุฑ๏ป๏ปข ๏ปง๏ป๏บู ู๏บ๏ป๏บช๏ปณ๏ปผ๏บ๏ปช( 2004 ๏ป๏บด๏ปจ๏บ ุง๏ปปุฑุฏ๏ปง๏ปด๏ปด๏ปฆ ุง๏ป๏ป๏บ๏ปง๏ปฎ๏ปง๏ปด๏ปด๏ปฆ ุง๏ป๏ปค๏บค๏บ๏บณ๏บ๏ปด๏ปฆ ุง๏ป๏บ๏บฎ๏ปณ๏บชุฉ ุฑ๏ป๏ปข4681 ุง๏ป๏บผ๏ป๏บค๏บ4855 ุง๏ป๏บ๏บุฑ๏ปณ๏บฆ2004-10-17 ( 1 )...,ุง๏ปป๏บป๏ปฎุงุช ุง๏ป๏บ๏บฎ ๏ป๏ป๏ปฐ ุง๏ป๏บค๏บผ๏ปฎู ๏บ๏บ๏ป๏บช๏ปฃ๏ปด๏บ ูุง๏ปป ๏บ๏ปด๏ปจ๏ปฌ๏ปค๏บ ๏ป๏ปด๏ปค๏บ ๏บ๏บ๏ป๏บ๏บฎุง๏บฟ๏ปฒ ุง๏บฃ๏บช๏ปซ๏ปค๏บ ุง๏บง๏บ๏ปด๏บุฑ ๏ป๏ปด๏บ๏ปข ุง๏ป๏บ๏บฎ ุงู ๏ปฃ๏บฎ๏บท๏บค๏บู ๏ป๏ป๏ปด๏ปฌ๏บ ๏บฃ๏บผ๏ป ุง๏ป๏บ๏ปฒ ุง๏ปป๏บป๏ปฎุงุช ๏บ๏บด๏บูุช ุงุฐุง ู. . ุง๏ป๏ปค๏ปฌ๏ปจ๏บ ๏ปฃ๏บฐุงู๏ป๏บ ุง๏บ๏บุฒุฉ ๏ป๏ป๏ปฐ : ุง๏ป๏บ๏บ๏ป๏ปฒ ุง๏ป๏ปจ๏บค๏ปฎ ู๏ป๏ป๏ปฐ ๏บ๏บ๏ปป๏ปง๏บ๏บจ๏บ๏บ๏บุช ุง๏ป๏ป๏บ๏บ๏บฐ๏ปณ๏ปฆ ๏ป๏ปด๏บฎ ๏ปฃ๏ปฆ ุง๏ปป...,ุง๏ป๏ปฌ๏บ๏บท๏ปค๏ปด๏บ ุง๏ปทุฑุฏ๏ปง๏ปด๏บ ุง๏ป๏ปค๏ปค๏ป๏ป๏บ ๏ป๏ปฒ 13/06/2011 ๏บ๏บ๏บุฑ๏ปณ๏บฆ( 827 )ุง๏ป๏บฎ๏ป๏ปข,True
systems_49,ูุธุงู ุงุฏุงุฑุฉ ุงูุญุณุงุจ ุงูุชุฌุงุฑู ูู ูุฒุงุฑุฉ ุงูุตูุงุนุฉ ูุงูุชุฌุงุฑุฉ ุฑูู 67 ูุณูุฉ 2000 ูุชุนุฏููุงุชู,ุงูุฃูุธูุฉ,unknown,1301,0.767,PRIMARILY_ARABIC,NO_LEGAL_TERMS,: ุง๏ป๏บด๏ปจ๏บ2000 : ุง๏ป๏ปค๏ปฎุงุฏ ๏ป๏บชุฏ18 : ุง๏ป๏บด๏บฎ๏ปณ๏บู ๏บ๏บุฑ๏ปณ๏บฆ2000-11-30 ุง๏ป๏บ๏บ๏บุฑู ุง๏ป๏บค๏บด๏บุจ ุงุฏุงุฑุฉ ๏ปง๏ป๏บู ) 2000 ๏ป๏บด๏ปจ๏บ 67 ุฑ๏ป๏ปข ๏ปง๏ป๏บู ู๏บ๏ป๏บช๏ปณ๏ปผ๏บ๏ปช( 2000 ๏ป๏บด๏ปจ๏บ ูุง๏ป๏บ๏บ๏บุฑุฉ ุง๏ป๏บผ๏ปจ๏บ๏ป๏บ ูุฒุงุฑุฉ ๏ป๏ปฒ ุง๏ป๏บ๏บฎ๏ปณ๏บชุฉ ุฑ๏ป๏ปข4468 ุง๏ป๏บผ๏ป๏บค๏บ4720 ุง๏ป๏บ๏บุฑ๏ปณ๏บฆ2000-11-30 ( 1 ) ...,. ๏บฃ๏ป๏ปค๏บ ๏ปฃ๏บผ๏บช๏ป๏บ ๏บ๏ป๏บ๏บ๏บฎ ูุง๏ปป ๏ป๏ปช ๏บ๏ป๏บช๏ปณ๏ปค๏ปฌ๏บ ๏บ๏บุฑ๏ปณ๏บฆ ๏ปฃ๏ปฆ ุง๏ปณ๏บู ๏ป๏บธ๏บฎุฉ ๏บ๏บ๏บ๏บูุฒ ๏ปป ๏ปฃ๏บชุฉ ๏บง๏ปผู ๏ป๏ป๏ปด๏ปฌ๏บ ุง๏ป๏ปค๏บผ๏บุฏ๏ป๏บ ( 9 ),ุง๏ป๏ปฌ๏บ๏บท๏ปค๏ปด๏บ ุง๏ปทุฑุฏ๏ปง๏ปด๏บ ุง๏ป๏ปค๏ปค๏ป๏ป๏บ ๏ป๏ปฒ 13/06/2011 ๏บ๏บ๏บุฑ๏ปณ๏บฆ( 827 )ุง๏ป๏บฎ๏ป๏ปข,True
systems_51,ูุธุงู ุงูุงุณูุงุก ุงูุชุฌุงุฑูุฉ ูุชุนุฏููุงุชู ุฑูู 116 ูุณูุฉ 2004,ุงูุฃูุธูุฉ,unknown,1279,0.759,PRIMARILY_ARABIC,NO_LEGAL_TERMS,: ุง๏ป๏บด๏ปจ๏บ2004 : ุง๏ป๏ปค๏ปฎุงุฏ ๏ป๏บชุฏ14 : ุง๏ป๏บด๏บฎ๏ปณ๏บู ๏บ๏บุฑ๏ปณ๏บฆ2004-09-30 ๏ป๏บด๏ปจ๏บ ุง๏ป๏บ๏บ๏บุฑ๏ปณ๏บ ุง๏ปป๏บณ๏ปค๏บุก ๏ปง๏ป๏บู ) 2004 ๏ป๏บด๏ปจ๏บ 116 ุฑ๏ป๏ปข ๏ปง๏ป๏บู ู๏บ๏ป๏บช๏ปณ๏ปผ๏บ๏ปช( 2004 ุง๏ป๏บ๏บฎ๏ปณ๏บชุฉ ุฑ๏ป๏ปข4677 ุง๏ป๏บผ๏ป๏บค๏บ4616 ุง๏ป๏บ๏บุฑ๏ปณ๏บฆ2004-09-30 ( 1 ) ุง๏ป๏ปค๏บุฏุฉ . ุง๏ป๏บฎ๏บณ๏ปค๏ปด๏บ ุง๏ป๏บ๏บฎ๏ปณ๏บชุฉ ๏ป๏ปฒ ๏ปง๏บธ...,ู๏บป๏บค๏ปด๏บค๏บ ๏ป๏บ๏ปง๏ปฎ๏ปง๏ปด๏บ ุง๏ปป๏บฃ๏ปฎุงู ๏บ๏ปค๏ปด๏ป ๏ป๏ปฒ ๏ป๏ป๏ปด๏ปช ๏ป๏ปฌ๏บฌู ุง๏ป๏ปค๏ป๏บ๏ปค๏บช ุง๏ปป๏ปง๏ปค๏ปฎุฐุฌ ๏ป๏ป๏ปฐ ุง๏ป๏ปค๏บด๏บ๏ป ุง๏ป๏ปฐ ๏บ๏บฌ๏ป๏ป ุง๏บท๏ป๏บุฑุง ๏ปณ๏บฎ๏บณ๏ป ุงู ๏ป๏ป๏ปด๏ปช ๏ป๏ปด๏บ๏บ ุง๏ป๏บธ๏ป๏บ ๏ป๏บ๏ป๏บ ุงู ุง๏ป๏บ๏บ๏บุฑู ุง๏ปป๏บณ๏ปข ๏ปฃ๏บ๏ป๏ป ๏ป๏ปจ๏ปฎุงู ๏ป๏ป๏ปฐ ๏บ๏ป๏ปด๏ปด๏บฎ ุฃู ุง๏บ๏บฎุงุก ๏บ๏ปข ุงุฐุง- ุจ . ู๏บป๏บค๏ปด๏บค๏บ ๏ป๏บ๏ปง๏ปฎ๏ปง๏ปด๏บ ุง๏ปปูู ๏ป๏ปจ๏ปฎุง๏ปง๏ปช ๏ป๏ป๏ปฐ...,ุง๏ป๏ปฌ๏บ๏บท๏ปค๏ปด๏บ ุง๏ปทุฑุฏ๏ปง๏ปด๏บ ุง๏ป๏ปค๏ปค๏ป๏ป๏บ ๏ป๏ปฒ 13/06/2011 ๏บ๏บ๏บุฑ๏ปณ๏บฆ( 827 )ุง๏ป๏บฎ๏ป๏ปข,True
systems_53,ูุธุงู ุฑุฎุต ูุจุทุงูุงุช ุงูุงุณุชูุฑุงุฏ ูุงูุชุตุฏูุฑ ุฑูู 114 ูุณูุฉ 2004 ูุชุนุฏููุงุชู,ุงูุฃูุธูุฉ,unknown,1642,0.766,PRIMARILY_ARABIC,NO_LEGAL_TERMS,: ุง๏ป๏บด๏ปจ๏บ2004 : ุง๏ป๏ปค๏ปฎุงุฏ ๏ป๏บชุฏ16 : ุง๏ป๏บด๏บฎ๏ปณ๏บู ๏บ๏บุฑ๏ปณ๏บฆ2004-09-30 ู๏บ๏ป๏บ๏ป๏บุช ุฑ๏บง๏บบ ๏ปง๏ป๏บู ) 2004 ๏ป๏บด๏ปจ๏บ 114 ุฑ๏ป๏ปข ๏ปง๏ป๏บู ู๏บ๏ป๏บช๏ปณ๏ปผ๏บ๏ปช( 2004 ๏ป๏บด๏ปจ๏บ ูุง๏ป๏บ๏บผ๏บช๏ปณ๏บฎ ุง๏ปป๏บณ๏บ๏ปด๏บฎุงุฏ ุง๏ป๏บ๏บฎ๏ปณ๏บชุฉ ุฑ๏ป๏ปข4677 ุง๏ป๏บผ๏ป๏บค๏บ4603 ุง๏ป๏บ๏บุฑ๏ปณ๏บฆ2004-09-30 ( 1 ) ุง๏ป๏ปค๏บุฏุฉ . ุง๏ป๏บฎ๏บณ๏ปค๏ปด๏บ...,ุง๏ป๏ปค๏ป๏ป ๏บ๏ปผ๏ป๏บ ๏บ๏บ๏บณ๏ปข ุง๏ป๏ปค๏บผ๏บชุฑุฉ ุงู ุง๏ป๏ปค๏บด๏บ๏ปฎุฑุฏุฉ ุง๏ป๏บ๏ป๏บ๏บ๏ป- ุฃ . ุง๏ป๏ป๏บ๏ปฃ๏บ ุง๏ป๏บฎ๏บณ๏ปค๏ปด๏บ ูุง๏ป๏ปค๏บ๏บณ๏บด๏บุช ูุง๏ป๏บชูุง๏บ๏บฎ ุง๏ป๏ปฎุฒุงุฑุงุช ๏บ๏บ๏บณ๏ปข ๏ปฃ๏บ๏บ๏บท๏บฎุฉ ุง๏ป๏ปค๏บผ๏บชุฑุฉ ุงู ุง๏ป๏ปค๏บด๏บ๏ปฎุฑุฏุฉ ุง๏ป๏บ๏ป๏บ๏บ๏ป- ุจ .,ุง๏ป๏ปฌ๏บ๏บท๏ปค๏ปด๏บ ุง๏ปทุฑุฏ๏ปง๏ปด๏บ ุง๏ป๏ปค๏ปค๏ป๏ป๏บ ๏ป๏ปฒ 13/06/2011 ๏บ๏บ๏บุฑ๏ปณ๏บฆ( 827 )ุง๏ป๏บฎ๏ป๏ปข,True
systems_54,ูุธุงู ุชุณุฌูู ุงููููุงุก ูุงููุณุทุงุก ุงูุชุฌุงุฑููู ุฑูู 31 ูุณูุฉ 2002,ุงูุฃูุธูุฉ,unknown,266,0.716,PRIMARILY_ARABIC,NO_LEGAL_TERMS,: ุง๏ป๏บด๏ปจ๏บ2002 : ุง๏ป๏ปค๏ปฎุงุฏ ๏ป๏บชุฏ5 : ุง๏ป๏บด๏บฎ๏ปณ๏บู ๏บ๏บุฑ๏ปณ๏บฆ2002-04-16 ูุง๏ป๏ปฎ๏บณ๏ป๏บุก ุง๏ป๏ปฎ๏ป๏ปผุก ๏บ๏บด๏บ๏ปด๏ป ๏ปง๏ป๏บู ) 2002 ๏ป๏บด๏ปจ๏บ 31 ุฑ๏ป๏ปข ๏ปง๏ป๏บู (2002 ๏ป๏บด๏ปจ๏บ ุง๏ป๏บ๏บ๏บุฑ๏ปณ๏ปด๏ปฆ ุง๏ป๏บ๏บฎ๏ปณ๏บชุฉ ุฑ๏ป๏ปข4540 ุง๏ป๏บผ๏ป๏บค๏บ1486 ุง๏ป๏บ๏บุฑ๏ปณ๏บฆ2002-04-16 ( 1 ) ุง๏ป๏ปค๏บุฏุฉ ุง๏ป๏ป๏ปค๏ป ู๏บ๏บชุก ุง๏ป๏บ๏บด๏ปค๏ปด๏บ...,ุง๏ป๏บ๏บ๏บุฑู ุง๏ป๏ปฎ๏ป๏ปด๏ป ๏บ๏บด๏บ๏ปด๏ป ๏ป๏ปฆ ุฏ๏ปณ๏ปจ๏บุฑ ๏ปฃ๏บ๏บ๏บ- . ุง๏ป๏บ๏บ๏บุฑ๏ปณ๏บ ุง๏ป๏ปฎ๏ป๏บ๏ป๏บ ๏บ๏บด๏บ๏ปด๏ป ๏ป๏ปฆ ุฏ๏ปณ๏ปจ๏บุฑุง ๏บง๏ปค๏บด๏ปฎู- . ุง๏ป๏บ๏บ๏บุฑู ุง๏ป๏ปฎ๏บณ๏ปด๏ป ๏บ๏บด๏บ๏ปด๏ป ๏ป๏ปฆ ุฏ๏ปณ๏ปจ๏บุฑุง ๏บง๏ปค๏บด๏ปฎู- . ุง๏ป๏บ๏บ๏บุฑ๏ปณ๏บ ุง๏ป๏ปฎ๏ป๏บ๏ปปุช ๏ป๏ป๏ปฐ ุง๏ป๏ป๏บุฑ๏บ๏บ ุง๏ป๏บ๏ป๏ปด๏บฎุงุช ๏บ๏บด๏บ๏ปด๏ป ๏ป๏ปฆ ุฏ๏ปณ๏ปจ๏บุฑุง ๏ป๏บธ๏บฎ ๏บง๏ปค๏บด๏บ-,ุง๏ป๏ปฌ๏บ๏บท๏ปค๏ปด๏บ ุง๏ปทุฑุฏ๏ปง๏ปด๏บ ุง๏ป๏ปค๏ปค๏ป๏ป๏บ ๏ป๏ปฒ 13/06/2011 ๏บ๏บ๏บุฑ๏ปณ๏บฆ( 827 )ุง๏ป๏บฎ๏ป๏ปข,True
systems_55,ูุธุงู ุญูุงูุฉ ุงูุงูุชุงุฌ ุงููุทูู ุฑูู 55 ูุณูุฉ 2000,ุงูุฃูุธูุฉ,unknown,3036,0.787,PRIMARILY_ARABIC,NO_LEGAL_TERMS,: ุง๏ป๏บด๏ปจ๏บ2000 : ุง๏ป๏ปค๏ปฎุงุฏ ๏ป๏บชุฏ39 : ุง๏ป๏บด๏บฎ๏ปณ๏บู ๏บ๏บุฑ๏ปณ๏บฆ2000-11-16 ุง๏ป๏ปฎ๏ป๏ปจ๏ปฒ ุง๏ปป๏ปง๏บ๏บุฌ ๏บฃ๏ปค๏บ๏ปณ๏บ ๏ปง๏ป๏บู ) 2000 ๏ป๏บด๏ปจ๏บ 55 ุฑ๏ป๏ปข ๏ปง๏ป๏บู (2000 ๏ป๏บด๏ปจ๏บ ุง๏ป๏บ๏บฎ๏ปณ๏บชุฉ ุฑ๏ป๏ปข4465 ุง๏ป๏บผ๏ป๏บค๏บ4526 ุง๏ป๏บ๏บุฑ๏ปณ๏บฆ2000-11-16 ( 1 ) ุง๏ป๏ปค๏บุฏุฉ ุง๏ป๏ป๏ปค๏ป ู๏บ๏บชุก ุง๏ป๏บ๏บด๏ปค๏ปด๏บ . ุง๏ป๏บฎ๏บณ๏ปค๏ปด๏บ ...,ุง๏ป๏ปฎุฒ๏ปณ๏บฎ ๏บ๏ปฌ๏บ ๏ปณ๏ป๏บ๏ปจ๏ป ๏บง๏บ๏บป๏บ ๏บฃ๏บ๏ปปุช ๏ป๏ปฒ ุง๏บง๏บฎู ุง๏บท๏ปฌ๏บฎ ๏บง๏ปค๏บด๏บ ๏บ๏บ๏บ๏บูุฒ ๏ปป ๏ปฃ๏บชุฉ ๏ป๏ป๏บ๏ปค๏บช๏ปณ๏บช ๏ป๏บ๏บ๏ป๏บ ุง๏ป๏บ๏บค๏ป๏ปด๏ป ๏บ๏บชุก ๏บ๏บุฑ๏ปณ๏บฆ ๏ปฃ๏ปฆ ุง๏บท๏ปฌ๏บฎ ๏บ๏ปผ๏บ๏บ ๏บ๏บ๏บ๏บูุฒ ๏ปป ๏ปฃ๏บชุฉ ๏บง๏ปผู ุง๏ป๏บค๏ปค๏บ๏ปณ๏บ ( 20 ) ุง๏ป๏ปค๏บุฏุฉ ุง๏บ๏ปค๏บ๏ปฃ๏ปช ุงู ุง๏ป๏บ๏บค๏ป,ุง๏ป๏ปฌ๏บ๏บท๏ปค๏ปด๏บ ุง๏ปทุฑุฏ๏ปง๏ปด๏บ ุง๏ป๏ปค๏ปค๏ป๏ป๏บ ๏ป๏ปฒ 13/06/2011 ๏บ๏บ๏บุฑ๏ปณ๏บฆ( 827 )ุง๏ป๏บฎ๏ป๏ปข,True
systems_56,ูุธุงู ุงูุฅุนุณุงุฑ ุฑูู 8 ูุณูุฉ 2019,ุงูุฃูุธูุฉ,unknown,8681,0.728,PRIMARILY_ARABIC,,085 165 ุงูุฌุฑูุฏุฉ ุงูุฑุณููุฉ ููู ุปุฒุฐูููุง ุญูุผุฎููข ุญุฑู ุญููุบูคู ููู ุญูููููุด ุญูซุณุฏููคูููุด ุญููุฎุฝููคูู ูู ูุด ( ุฑููุธููููู ุญููููููุฎุฏุณ55 ) ููููููููู ุญูุฐุนุธูููููููู ู ูููููููููููููููููููููููููููุณ ูุฑููุฎุก ุปูู ูุฎ ูููุดุณู ูููู...,ูู ุญูุบูุด ุญูุบุฎุฑูุด ุญูููู ุญูุดุญุฑุบ ุฝุดูู ูููุด ุญูุฐุญุซููคู ูุญุฟุดุญุกุญุทูุฎ ุญููุฎุฏุณ51 - ุฃ- ุทุพูู ุญูููููุด ูููุด ูู ุฐุญุซููคู ุงุฑุญ ุตุญุฏ ุป ุฐุฏูู ุป ู ู ูุญูุฎูุบ ูค ุปู ู ุฃู ู ูฃู ูุต ูููููู ุด ูุป ุฐ ุทุพ ููคู ููู ุด ุญู ุฐุญุซููคู ุงุฑุญ ุณุฃุต ุฃู ุฑู ู...,ู ุงูุพุฎุงุญุฒ ูุทูุถ ุงููุฎูก ูุงูุฒูุชูุต ุบุงุทู ูููุต ุงูุธุจ 655 ุง ูุฌุฑูุฏุฉ ุงูุฑุณููุฉ ูููู ุฟุฐูู ุฃุทุผุฎุฏ ูููฌุก ุญูฉ ุปุบุฎุณ ูุฎููข ุฑูุด ุญูฉุปุบุฎุณ ุญููุบุฒุด ุญููุฌููฃุด ุญููุฐ ุญูงุฏูู ุญููุฐ ุญูงุปูู ูู 5 ุงูู5110111 9 % 51 % ูู 5110115 ุงูู5110111 1 % 6...,False
systems_57,ูุธุงู ููุงูุญุฉ ุงูุงุบุฑุงู ูุงูุฏุนู ุฑูู 26 ูุณูุฉ 2003,ุงูุฃูุธูุฉ,unknown,8945,0.786,PRIMARILY_ARABIC,NO_LEGAL_TERMS,๏ปจ๏ป๏บ๏ปก ๏ปค๏ป๏บ๏ป๏บค๏บ ๏บ๏ปน๏ป๏บญ๏บ๏ป ๏ปญ๏บ๏ป๏บฉ๏ป๏ปก ๏บญ๏ป๏ปก 26 ๏ป๏บด๏ปจ๏บ2003 ๏บ๏ป๏ปค๏ปจ๏บธ๏ปญ๏บญ ๏ป๏ปฒ ๏บ๏ป๏บ๏บญ๏ปด๏บฉ๏บ ๏บ๏ป๏บญ๏บด๏ปค๏ปด๏บ ๏บญ๏ป๏ปก 4587 ๏บ๏บ๏บญ๏ปด๏บฆ2 / 3 / 2003 ๏ป๏ปฌ๏บญ๏บฑ ๏ปจ๏ป๏บ๏ปก ๏ปค๏ป๏บ๏ป๏บค๏บ ๏บ๏ปน๏ป๏บญ๏บ๏ป ๏ปญ๏บ๏ป๏บฉ๏ป๏ปก ๏บญ๏ป๏ปก 26 ๏ป๏บด๏ปจ๏บ2003 ๏บ๏ป๏ปค๏บ๏บฉ๏บ ๏บ๏ป๏ป๏ปจ๏ปญ๏บ๏ปฅ ุง๏ป๏บ๏ป๏บุฑ๏ปณ๏ป ูุง๏ปท๏บฃ๏ป๏บู 1 ( ๏บ๏ป๏ปจ๏ป๏บ๏ปก ๏ปญ๏บ๏บฉ๏บ ๏บ๏ป๏ป๏ปคู ๏ป๏ปด๏ปช...,๏บ๏ป๏ปด๏ปก ๏บ๏ป๏บ๏ปฌ๏บ ๏บ๏ป๏ปค๏บจ๏บ๏บผ๏บ ุ ๏ป๏ปจ๏บฉ ๏บ๏บค๏บฉ๏ปด๏บฉ ๏ปญ๏บ๏ปญ๏บฉ ๏บ๏ป๏บ๏ป๏บ ๏ปค๏บ๏บฉ๏ปด๏บ ๏ปน๏ป๏บ๏ปค๏บ ๏บผ๏ปจ๏บ๏ป ๏บ ๏ปค๏บค๏ป๏ปด๏บ ๏ปน๏ปจ๏บ๏บ๏บ ๏บ๏ป๏ปค๏ปจ๏บ๏บ ๏บ๏ป๏ปค๏บค๏ป๏ปฒ ๏บ๏ป๏ปค๏บธ๏บ๏บ๏ปช ุ ๏ปค๏บ ๏ปด๏ป๏ปฒ : 1 . ๏บ๏ปค๏ป๏บ๏ปจ๏ปด๏บ ๏บ๏ป๏บ๏ปค๏บ ๏บผ๏ปจ๏บ๏ป๏บ ๏ปค๏บค๏ป๏ปด๏บ ๏บจ๏ปผู ๏ปค๏บฉ๏บ ๏บฏ๏ปค๏ปจ๏ปด๏บ ๏ปค๏ป๏ป๏ปญ๏ป๏บ . 2 . ๏บ๏บค๏บ๏ปค๏บ๏ป๏ปด๏บ ๏ปจ๏ปค๏ปญ ๏ปซ๏บซ๏ปฉ ๏บ๏ป๏บผ๏ปจ๏บ๏ป๏บ ๏ปญ๏บ๏บด๏บ๏ปค๏บญ๏บ๏บญ๏ปซ๏บ ....,. ๏บ ๏ปป ๏บ๏บด๏บญ๏ปฑ ๏บ๏บค๏ป๏บ๏ปก ๏บ๏ป๏ป๏ป๏บญ๏บ ( ๏บ ) ๏ปค๏ปฅ ๏ปซ๏บซ๏ปฉ ๏บ๏ป๏ปค๏บ๏บฉ๏บ ๏บ๏บซ๏บ ๏บ๏ป๏ป๏ป ๏บ๏ป๏ป๏ป๏บ ๏ปญ๏บ๏ป๏บ๏บค๏ป๏ปด๏ป ๏บ๏บด๏ป๏ป๏บ ๏บฏ๏บญ๏บ๏ป๏ปด๏บ . ๏บ๏ป๏ปค๏บ๏บฉ๏บ 86 : ๏บค๏ป ๏บ๏ป๏ปญ๏บฏ๏ปด๏บญ ๏ป๏ปฒ ๏บ๏บผ๏บฉ๏บ๏บญ ๏บ๏ป๏ป๏ปด๏ปค๏บ๏บ ๏บ๏ปจ๏ป๏ปด๏บซ๏ปด๏บ ๏ป๏ป๏ปญ๏บฏ๏ปด๏บญ ๏บ๏บผ๏บฉ๏บ๏บญ ๏บ๏ป๏บ๏ป๏ป๏ปด๏ปค๏บ๏บ ๏บ๏ป๏ปผ๏บฏ๏ปค๏บ ๏ป๏บ๏ปจ๏ป๏ปด๏บซ ๏บ๏บค๏ป๏บ๏ปก ๏ปซ๏บซ๏บ ๏บ๏ป๏ปจ๏ป๏บ๏ปก ๏ปญ๏ปด๏บ๏ปก ๏ปจ๏บธ๏บญ๏ปซ๏บ ๏ป๏ปฒ ๏บ๏ป...,True
systems_60,ูุธุงู ุงุฌุฑุงุกุงุช ุงูุฑูุงุจุฉ ูุงูุชูุชูุด ุนูู ุงูุฃูุดุทุฉ ุงูุงูุชุตุงุฏูุฉ ุฑูู (110) ูุณูุฉ 2018,ุงูุฃูุธูุฉ,unknown,3629,0.466,PRIMARILY_ARABIC,,ูุฏุฑุงูุงpยฅยฃุฑุงูุง - ุงููุงุฏุฉ 1 ร- ุงููุงุฏุฉ 1 ยยฃ90ย- ุงููุงุฏุฉ 1 - ุงููุงุฏุฉ 2-21-51 ูุงูุฑุณูุง ุฎูุฑุงุช018ย1ย2-21-51 ูุงูุฑุณูุง ุฎูุฑุงุช15 ูุงูุฑุณูุง ุฎูุฑุงุช9ยฅE ูุฏุฑุงูุง! H9ุฑุงูุง - ุงููุงุฏุฉ 1 ร- ุงููุงุฏุฉ 1 ยยฃ90ย- ุงููุงุฏุฉ 1 - ุงููุงุฏุฉ 2-...,"ุงูุง , 3%3; ูุฏุฑุงูุงp ยยคูุฏุฑุงูุง ูุงูุฑุณูุง ุฎูุฑุงุช*Gยฅ ยคT P 39ุฑุงูุง : ูุฏุฑุงูุง*Gยฅยร ย ูุงูุฑุณูุง ุฎูุฑุงุชY_3D Yยญ ูุฏุฑุงูุงI9ยฅย ยป 29 ยปF ูุงูุฑุณูุง ุฎูุฑุงุช29 ูุฏุฑุงูุง0 Y*; ย ยฃย ูุฏุฑุงูุงqยญ ูุฏุฑุงูุง-9^V /Z ูุฏุฑุงูุง1%9ยซ ูุฏ...",9ยธ Gูุฏุฑุงูุง ูุฏุฑุงูุง1)9ยธย ร 1/2-21-51 ูุงูุฑุณูุง ุฎูุฑุงุช9/2-21-51 ูุงูุฑุณูุง ุฎูุฑุงุช018 ุชุงุฑูุฎ ุงูุณุฑูุงู 15-12-20ุชุงุฑูุฎ ุงูุณุฑูุงู 15-12-23/10/ุชุงุฑูุฎ ุงูุณุฑูุงู 15-12-28 3 / 3 ; 3Y9-k! (9ยง / -139ย ูุฏุฑุงูุง,False
instructions_61,ุงูุชุนูููุงุช ุงูุชุทุจูููุฉ ููุดุคูู ุงููุงููุฉ ูุชุนุฏููุงุชูุง ุฑูู 1 ูุณูุฉ 1995,ุงูุชุนูููุงุช,unknown,23489,0.562,PRIMARILY_ARABIC,,ูุฏุฑุงูุงpยฅยฃุฑุงูุง - ุงููุงุฏุฉ 1 ร- ุงููุงุฏุฉ 1 ยยฃ90ย- ุงููุงุฏุฉ 1 - ุงููุงุฏุฉ ุฌูุฏุฒููุง ุฏูููุง ุฉููุฑุท ููุจุทุช(3S H-; ูุฏุฑุงูุง-3F ูุฏุฑุงูุง0Iยฃยปุฏุฒููุง ุฏูููุง ุฉููุฑุท ููุจุทุช 1-30-10 ูุงูุฑุณูุง ุฎูุฑุงุช995ยร3ยรุฌูุฏุฒููุง ุฏูููุง ุฉููุฑุท ููุจุทุช9...,"; ูุฏุฑุงูุงpยปZ W ! 1F ูุฏุฑุงูุง&Hยด ูุฏุฑุงูุงยคูุฏุฑุงูุง 9ุฑุงูุง ูุฏุฑุงูุง%3T -30; ยฅยปูุฏุฑุงูุงุฌูุฏุฒููุง ุฏูููุง ุฉููุฑุท ููุจุทุช: Y, 3W ูุฏุฑุงูุงยป ูุฏุฑุงูุงYยฅ 09ยท  V bH29 W HS * 0F bHยดย ุฌูุฏุฒููุง ุฏูููุง ุฉููุฑุท ููุจุทุชFP ูุฏุฑุงู...",(9ยง / -139ุฏุงุฑูุงูุง ุฏูุฑูุช ูู ุฉูุฒูุฑููุง ุฏุงูุชุนุง ูุฏุฑุงูุง,False
instructions_62,ุชุนูููุงุช ุญูุงูุฉ ุงููุณุชููู ูุณูุฉ 2023,ุงูุชุนูููุงุช,unknown,3914,0.401,PRIMARILY_ARABIC,,ูุฏุฑุงูุงpยฅยฃุฑุงูุง - ุงููุงุฏุฉ 1 ร- ุงููุงุฏุฉ 1 ยยฃ90ย- ุงููุงุฏุฉ 1 - ุงููุงุฏุฉ 2-80-13 ูุงูุฑุณูุง ุฎูุฑุงุช02-80-13 ูุงูุฑุณูุง ุฎูุฑุงุช3ย08ย31 ูุงูุฑุณูุง ุฎูุฑุงุช9ยฅE ูุฏุฑุงูุง! H9ุฑุงูุง - ุงููุงุฏุฉ 1 ร- ุงููุงุฏุฉ 1 ยยฃ90ย- ุงููุงุฏุฉ 1 - ุงููุงุฏุฉ 2-...,"0ยณ; ูุฏุฑุงูุง0 &; ยป ูุงูุฑุณูุง ุฎูุฑุงุช9ยฅE ูุฏุฑุงูุง /! ; ยป'0Yุฑุงูุง ูุฏุฑุงูุง0 9, ; ยปย 09ย  Hยฅยฝ _N ูุฏุฑุงูุง0 9, ; ย 2-8",02-80-13 ูุงูุฑุณูุง ุฎูุฑุงุช | ูุงูุฑุณูุง ุฎูุฑุงุช*/309ย 09; ูุฏุฑุงูุง02-80-13 ูุงูุฑุณูุง ุฎูุฑุงุช3 ; 1!  ย903/*ยปูุฏุฑุงูุง0%9ยฅ ย3X 19 ยป309 *F 9p V ูุฏุฑุงูุง0 &H ูุงูุฑุณูุง ุฎูุฑุงุช ุชุงุฑูุฎ ุงูุณุฑูุงู 31-08-20ุชุงุฑูุฎ ุงูุณุฑูุงู 31-08-...,False
instructions_63,ุชุนูููุงุช ุงุณุชููุงุก ูุชูุฑูุฏ ุฑุณูู ุทูุงุจุน ุงููุงุฑุฏุงุช ุฑูู 5 ูุณูุฉ 2001,ุงูุชุนูููุงุช,unknown,2255,0.466,PRIMARILY_ARABIC,,ูุฏุฑุงูุงpยฅยฃุฑุงูุง - ุงููุงุฏุฉ 1 ร- ุงููุงุฏุฉ 1 ยยฃ90ย- ุงููุงุฏุฉ 1 - ุงููุงุฏุฉ ูุฏุฑุงูุง ! 03; ยปFย ูุฏุฑุงูุง*0ุนูุง ุกุฏุจู ุฉููุณุชูุง 2-80-10 ูุงูุฑุณูุง ุฎูุฑุงุช001ย08ย01 ูุงูุฑุณูุง ุฎูุฑุงุช9ยฅE ูุฏุฑุงูุง! H9ุฑุงูุง - ุงููุงุฏุฉ 1 ร- ุงููุงุฏุฉ 1 ยยฃ9...,; ยป9 [ . 029 ูุฏุฑุงูุง 9F W ยฃP ยฅ Yยธ YูุฏุฑุงูุงP ูุฏุฑุงูุงYูุฏุฑุงูุงยฅยฃูุฏุฑุงูุง /Z ูุฏุฑุงูุง0*9qย ูุฏุฑุงูุง01)0; ูุฏุฑุงูุงยป ูุฏุฑุงูุง0-F; ูุฏุฑุงูุง329 ยปูุฏุฑุงูุง 9_*; H Yยธ YูุฏุฑุงูุงP ูุฏุฑุงูุงYูุฏุฑุงูุงยฅยฃ, 5 Vยฅ ย903/*ยปูุฏุฑุงูุง0%9ยฅ ย3X 19 ยป309 *F 9p V ูุฏุฑุงูุง0 &H ูุงูุฑุณูุง ุฎูุฑุงุช 2-80-10 ูุงูุฑุณูุง ุฎูุฑุงุช0/ร2-80-10 ูุงูุฑุณูุง ุฎูุฑุงุช11/1ร ร / ร ; 3Y9-k! (9ยง / -139ย ูุฏุฑุงูุง,False
instructions_64,ุชุนูููุงุช ุงูุงูุชูุงู ูุงูุณูุฑ ูุณูุฉ 2010,ุงูุชุนูููุงุช,unknown,1402,0.399,MIXED_ARABIC_ENGLISH,,ูุฏุฑุงูุงpยฅยฃุฑุงูุง - ุงููุงุฏุฉ 1 ร- ุงููุงุฏุฉ 1 ยยฃ90ย- ุงููุงุฏุฉ 1 - ุงููุงุฏุฉ 2-90-10 ูุงูุฑุณูุง ุฎูุฑุงุช010ย09ย01 ูุงูุฑุณูุง ุฎูุฑุงุช9ยฅE ูุฏุฑุงูุง! H9ุฑุงูุง - ุงููุงุฏุฉ 1 ร- ุงููุงุฏุฉ 1 ยยฃ90ย- ุงููุงุฏุฉ 1 - ุงููุงุฏุฉ 2-90-10 ูุงูุฑุณูุง ุฎูุฑุงุช0...,Yุฑุงูุง Fยผ ยยฝ W ูุฏุฑุงูุง0%0Y3W 329 39ยฅย ! /; 7 0X Fยผ ยฃยปูุฏุฑุงูุง^H ูุฏุฑุงูุง! 3Hย ุชุงุฑูุฎ ุงูุณุฑูุงู 01-09-20ุชุงุฑูุฎ ุงูุณุฑูุงู 01-09-23/11/14 3 / 1 ; 3Y9-k! (9ยง / -139ย ูุฏุฑุงูุง - ุงููุงุฏุฉ 1 ร- ุงููุงุฏุฉ 1 ยยฃ90ย...," H, ! 2-90-10 ูุงูุฑุณูุง ุฎูุฑุงุช | ูุงูุฑุณูุง ุฎูุฑุงุช*/309ย ูุฏุฑุงูุงp -9ยท ยปูุฏุฑุงูุง010 ; 1!  ย903/*ยปูุฏุฑุงูุง0%9ยฅ ย3X 19 ยป309 *F 9p V ูุฏุฑุงูุง0 &H ูุงูุฑุณูุง ุฎูุฑุงุช ุชุงุฑูุฎ ุงูุณุฑูุงู 01-09-20ุชุงุฑูุฎ ุงูุณุฑูุงู 01-09-23/11...",False
instructions_65,ุชุนูููุงุช ููู ููููุฉ ุงูุนูุงูุฉ ุงูุชุฌุงุฑูุฉ ูุฑูููุง ูุงูุญุฌุฒ ุนูููุง ุฑูู 55 ูุณูุฉ 2014,ุงูุชุนูููุงุช,unknown,1284,0.401,PRIMARILY_ARABIC,,ูุฏุฑุงูุงpยฅยฃุฑุงูุง - ุงููุงุฏุฉ 1 ร- ุงููุงุฏุฉ 1 ยยฃ90ย- ุงููุงุฏุฉ 1 - ุงููุงุฏุฉ 2-40-10 ูุงูุฑุณูุง ุฎูุฑุงุช014ย04ย01 ูุงูุฑุณูุง ุฎูุฑุงุช9ยฅE ูุฏุฑุงูุง! H9ุฑุงูุง - ุงููุงุฏุฉ 1 ร- ุงููุงุฏุฉ 1 ยยฃ90ย- ุงููุงุฏุฉ 1 - ุงููุงุฏุฉ 2-40-10 ูุงูุฑุณูุง ุฎูุฑุงุช0...,Y; /+; ย13; &9ยฃยต /Z b ; ูุงูุฑุณูุง ุฎูุฑุงุชH0 29 W U 9 ูุงูุฑุณูุง ุฎูุฑุงุช: ูุฏุฑุงูุง*Fยท /Y9^Sย ยฃย 9  < ยฃP ูุฏุฑุงูุงH Yยธ ูุฏุฑุงูุง0-Hยฅย 9Yรย ยบย ยยฝ 399ย ยยป ยยปยฅูุฏุฑุงูุงยต ย Hยผ (/,3; ูุฏุฑุงูุง*q; ูุฏุฑุงูุง 9ยฅ; ยปยฅ129 ยปูุฏุฑุงูุง014 ; 1!  รร Vยฅ ย903/*ยปูุฏุฑุงูุง0%9ยฅ ย3X 19 ยป309 *F 9p V ูุฏุฑุงูุง0 &H ูุงูุฑุณูุง ุฎูุฑุงุช ุชุงุฑูุฎ ุงูุณุฑูุงู 01-04-20ุชุงุฑูุฎ ุงูุณุฑูุงู 01-04-23/10/ุชุงุฑูุฎ ุงูุณุฑูุงู 01-04-28...,False
instructions_66,ุชุนูููุงุช ุงูุงุทูุงุน ุนูู ุณุฌู ุทูุจุงุช ุงูุงุฎุชุฑุงุน ูุงูุจุฑุงุกุงุช ูููู ููููุฉ ุทูุจ ุจุฑุงุกุฉ ุงูุงุฎุชุฑุงุน ุฃู ุงูุจุฑุงุกุฉ  ูุฑูููุง ูุงูุญุฌุฒ ุนูููุง ูุณุงุฆุฑ ุงูุชุตุฑูุงุช ุงููุงููููุฉ ุงููุชุนููุฉ ุจูุง ูุณูุฉ 2020,ุงูุชุนูููุงุช,unknown,1583,0.451,PRIMARILY_ARABIC,,ูุฏุฑุงูุงpยฅยฃุฑุงูุง - ุงููุงุฏุฉ 1 ร- ุงููุงุฏุฉ 1 ยยฃ90ย- ุงููุงุฏุฉ 1 - ุงููุงุฏุฉ 2-21-10 ูุงูุฑุณูุง ุฎูุฑุงุช02-21-10 ูุงูุฑุณูุง ุฎูุฑุงุช0ยรย2-21-10 ูุงูุฑุณูุง ุฎูุฑุงุช0ร ูุงูุฑุณูุง ุฎูุฑุงุช9ยฅE ูุฏุฑุงูุง! H9ุฑุงูุง - ุงููุงุฏุฉ 1 ร- ุงููุงุฏุฉ 1 ยยฃ90ย- ...,0ุงูููุง ูุฏุฑุงูุง0 &ุงูููุง ยปูุฏุฑุงูุง0&9ยฃยต /329 ! : ูุฏุฑุงูุงCbYยท /Z ยุฑุงูุง ูุงูุฑุณูุง ุฎูุฑุงุช. Yุฑุงูุง  Fุงูููุงย ยป V 3F ยคT [ ูุฏุฑุงูุง!,1ุงูููุง ุชุงุฑูุฎ ุงูุณุฑูุงู 01-12-20ุชุงุฑูุฎ ุงูุณุฑูุงู 01-12-23/ร0/ุชุงุฑูุฎ ุงูุณุฑูุงู 01-12-28 3 / 3k! (9ยง / -139ย ูุฏุฑุงูุง-9Y3ุงูููุง,False
instructions_67,ุชุนูููุงุช ุงุฌุฑุงุกุงุช ุนูู ููุทุงุจูุงุช ุฃููุงุก ุตูุงุฏูู ูุฑุงูุฒ ุงูุฃุนูุงู ูุณูุฉ 2013 ูุชุนุฏููุงุชูุง,ุงูุชุนูููุงุช,unknown,1715,0.465,PRIMARILY_ARABIC,,ูุฏุฑุงูุงpยฅยฃุฑุงูุง - ุงููุงุฏุฉ 1 ร- ุงููุงุฏุฉ 1 ยยฃ90ย- ุงููุงุฏุฉ 1 - ุงููุงุฏุฉ 2-70-61 ูุงูุฑุณูุง ุฎูุฑุงุช013ย07ย16 ูุงูุฑุณูุง ุฎูุฑุงุช9ยฅE ูุฏุฑุงูุง! H9ุฑุงูุง - ุงููุงุฏุฉ 1 ร- ุงููุงุฏุฉ 1 ยยฃ90ย- ุงููุงุฏุฉ 1 - ุงููุงุฏุฉ 2-70-61 ูุงูุฑุณูุง ุฎูุฑุงุช0...,U b1Fยปุฏูุตูุง ูููุฃ5 ย รF- Q/0 ูุฑุงุฌุชูุง ุจุงุณุญูุง ูุงุธู ูู )  : ยุฑุงูุง  '0W ูุฏุฑุงูุง-3F ูุฏุฑุงูุง0 9 [ ูุฏุฑุงูุง qยธ ูุฏุฑุงูุง&9pย ย3W b1Fยปุฏูุตูุง ูููุฃ, ย903/*ยปูุฏุฑุงูุง0%9ยฅ ย3X 19 ยป309 *F 9p V ูุฏุฑุงูุง0 &H ูุงูุฑุณูุง ุฎูุฑุงุช ุชุงุฑูุฎ ุงูุณุฑูุงู 16-07-20ุชุงุฑูุฎ ุงูุณุฑูุงู 16-07-23/10/ุชุงุฑูุฎ ุงูุณุฑูุงู 16-07-28 5 / 5 ; 3Y9-k! (9ยง / -139ย ูุฏุฑุงูุง,False
instructions_68,ุขููุฉ ุฅุนูุงู ุงูุฃุณุนุงุฑ ูุณูุฉ 2006,ุงูุชุนูููุงุช,unknown,2246,0.414,PRIMARILY_ARABIC,,ูุฏุฑุงูุงpยฅยฃุฑุงูุง - ุงููุงุฏุฉ 1 ร- ุงููุงุฏุฉ 1 ยยฃ90ย- ุงููุงุฏุฉ 1 - ุงููุงุฏุฉ ยฅ9* pูุฏุฑุงูุงp J ูุฏุฑุงูุง*9; v3; ูุฏุฑุงูุงqุฑุงูุง ูุฏุฑุงูุง 2-30-10 ูุงูุฑุณูุง ุฎูุฑุงุช006ย03ย01 ูุงูุฑุณูุง ุฎูุฑุงุช9ยฅE ูุฏุฑุงูุง! H9ุฑุงูุง ร|ย3; ยqุนุง ุฉููุข...,9ยป H ุฉูุณู ) ูุฏุฑุงูุงยป ูุฏุฑุงูุงุฑุงูุง -Yยธ b9 : ูุฏุฑุงูุง0 U 9qุฑุงูุง *H ู, ย903/*ยปูุฏุฑุงูุง0%9ยฅ ย3X 19 ยป309 *F 9p V ูุฏุฑุงูุง0 &H ูุงูุฑุณูุง ุฎูุฑุงุช 2-30-10 ูุงูุฑุณูุง ุฎูุฑุงุช02-30-10 ูุงูุฑุณูุง ุฎูุฑุงุช3/10/2-30-10 ูุงูุฑุณูุง ุฎูุฑุงุช82-30-10 ูุงูุฑุณูุง ุฎูุฑุงุช / 2-30-10 ูุงูุฑุณูุง ุฎูุฑุงุช; 3Y9-k! ...,False
instructions_69,ุชุนูููุงุช ุงูููู ุงูุญุฑููุฉ ูุงูุฃุดุบุงู ุงููุฏููุฉ ุงูุชู ูุง ุชุณูุญ ูุบูุฑ ุงูุฃุฑุฏูููู ุจููุงุฑุณุชูุง ุฑูู (9) ูุณูุฉ 2023,ุงูุชุนูููุงุช,unknown,953,0.433,PRIMARILY_ARABIC,,ูุฏุฑุงูุงpยฅยฃุฑุงูุง - ุงููุงุฏุฉ 1 ร- ุงููุงุฏุฉ 1 ยยฃ90ย- ุงููุงุฏุฉ 1 - ุงููุงุฏุฉ 2-40-20 ูุงูุฑุณูุง ุฎูุฑุงุช02-40-20 ูุงูุฑุณูุง ุฎูุฑุงุช3ย04ย0 ูุงูุฑุณูุง ุฎูุฑุงุช9ยฅE ูุฏุฑุงูุง! H9ุฑุงูุง 2-40-20 ูุงูุฑุณูุง ุฎูุฑุงุช - ุงููุงุฏุฉ 1 ร- ุงููุงุฏุฉ 1 ยยฃ90ย-...,"ุงCยฅยฃ33W ย ย ยย b9Yุฑุงูุง q; | 9 ูุงูุฑุณูุง ุฎูุฑุงุช[ ยปยฅ9[ ยปย, 9ยท ุฉูุณู )ย ย ย %+U ูุงูุฑุณูุง ุฎูุฑุงุช1 3F ยป ูุงูุฑุณูุง ุฎูุฑุงุช FF ูุฏุฑุงูุงp9ย ยปูุฏุฑุงูุง0, Hยป 9ยย ย %+U b1P ูุฏุฑุงูุง /Y9ย ยยป ูุฏุฑุงูุง 9 ูุฏุฑุงูุง0* 19ย ย...",02-40-20 ูุงูุฑุณูุง ุฎูุฑุงุช3 ; 1!  9 Vยฅ ย903/*ยปูุฏุฑุงูุง0%9ยฅ ย3X 19 ยป309 *F 9p V ูุฏุฑุงูุง0 &H ูุงูุฑุณูุง ุฎูุฑุงุช ุชุงุฑูุฎ ุงูุณุฑูุงู 02-04-20ุชุงุฑูุฎ ุงูุณุฑูุงู 02-04-23| 2-40-20 ูุงูุฑุณูุง ุฎูุฑุงุช02-40-20 ูุงูุฑุณูุง ุฎูุฑุงุช3/ร0...,False
instructions_70,ุชุนูููุงุช ุตูุฏูู ุฏุนู ูุชุทููุฑ ุงูุตูุงุนุฉ ูุณูุฉ 2022,ุงูุชุนูููุงุช,unknown,3385,0.412,PRIMARILY_ARABIC,,ูุฏุฑุงูุงpยฅยฃุฑุงูุง - ุงููุงุฏุฉ 1 ร- ุงููุงุฏุฉ 1 ยยฃ90ย- ุงููุงุฏุฉ 1 - ุงููุงุฏุฉ 2-01-20 ูุงูุฑุณูุง ุฎูุฑุงุช0รย2-01-20 ูุงูุฑุณูุง ุฎูุฑุงุช2-01-20 ูุงูุฑุณูุง ุฎูุฑุงุช0ย0 ูุงูุฑุณูุง ุฎูุฑุงุช9ยฅE ูุฏุฑุงูุง! H9ุฑุงูุง 2-01-20 ูุงูุฑุณูุง ุฎูุฑุงุช - ุงููุงุฏุฉ 1...,Yุฑุงูุง ูุฏุฑุงูุง06 ! ; ูุฏุฑุงูุง&193; W ูุฏุฑุงูุง06 ! 9ย ูุฏุฑุงูุง&+3Hย ูุฏุฑุงูุงยป ูุฏุฑุงูุง0 Y (; ูุฏุฑุงูุงยป ูุฏุฑุงูุง.,"ุฑุงูุงCYยฅ ูุฏุฑุงูุง093; /&1Fยปยตย ยป/YยฆH0| ยยฃ90P Hูุฏุฑุงูุง9ย ูุฏุฑุงูุง ย_9; , Y_3W 0Y: Hูุฏุฑุงูุงยฅ &Fยฅร2Gยบ ูุฏุฑุงูุง+9; ย ยปยฆH ูุฏุฑุงูุง&19; ยปูุฏุฑุงูุง 9ยฅย ยปูุฏุฑุงูุง 0YW Y R  0Yยฃ ูุฏุฑุงูุง%09[ ุชุงุฑูุฎ ุงูุณ...",False
instructions_71,ุชุนูููุงุช ุฅูุงูุฉ ูุชูุธูู ุงููุนุงุฑุถ ุฑูู (1) ูุณูุฉ 2023,ุงูุชุนูููุงุช,unknown,3212,0.42,PRIMARILY_ARABIC,,ูุฏุฑุงูุงpยฅยฃุฑุงูุง - ุงููุงุฏุฉ 1 ร- ุงููุงุฏุฉ 1 ยยฃ90ย- ุงููุงุฏุฉ 1 - ุงููุงุฏุฉ 2-20-10 ูุงูุฑุณูุง ุฎูุฑุงุช02-20-10 ูุงูุฑุณูุง ุฎูุฑุงุช3ย0ย2-20-10 ูุงูุฑุณูุง ุฎูุฑุงุช01 ูุงูุฑุณูุง ุฎูุฑุงุช9ยฅE ูุฏุฑุงูุง! H9ุฑุงูุง - ุงููุงุฏุฉ 1 ร- ุงููุงุฏุฉ 1 ยยฃ90ย- ...,; ย ยป ูุงูุฑุณูุง ุฎูุฑุงุช*(Z ูุฏุฑุงูุง(/9ย ูุฏุฑุงูุงYูุฏุฑุงูุงยฅยฃย ยยฅ9ร  ! /! /; ! : ูุงูุฑุณูุง ุฎูุฑุงุช ูุฏุฑุงูุง0! Uย ย p  Yยฆ 01)V ูุฏุฑุงูุง0*Hยช ูุฏุฑุงูุง &Yยท /Z ยยฝ ยฅ9; ยฅ 03; /0*Hยช U ูุฏุฑุงูุง &Yยท /Z Yูุฏุฑุงูุง-; ู..., 1 Vยฅ ย903/*ยปูุฏุฑุงูุง0%9ยฅ ย3X 19 ยป309 *F 9p V ูุฏุฑุงูุง0 &H ูุงูุฑุณูุง ุฎูุฑุงุช ุชุงุฑูุฎ ุงูุณุฑูุงู 01-02-20ุชุงุฑูุฎ ุงูุณุฑูุงู 01-02-23/10/ุชุงุฑูุฎ ุงูุณุฑูุงู 01-02-28 7 / 7 ; 3Y9-k! (9ยง / -139ย ูุฏุฑุงูุง,False
instructions_79,ุชุนูููุงุช ุงูุชูุฒููุงุช ูุงูุชุตููุฉ ูุชูุฏูู ุงูุฌูุงุฆุฒ ุฑูู 63 ูุณูุฉ 2013 ูุชุนุฏููุงุชูุง,ุงูุชุนูููุงุช,unknown,1714,0.775,PRIMARILY_ARABIC,NO_LEGAL_TERMS,ุง๏ป๏ป๏บ๏ปง๏ปฎู: ู๏บ๏ป๏บช๏ปณ๏ปผ๏บ๏ปช. ุง๏ป๏บ๏บ๏บุฑุฉ ู ุง๏ป๏บผ๏ปจ๏บ๏ป๏บ ๏ป๏บ๏ปง๏ปฎู ุง๏ป๏ปฎุฒุงุฑุฉ: ูุง๏ป๏บ๏บ๏บุฑุฉ. ุง๏ป๏บผ๏ปจ๏บ๏ป๏บ ูุฒุงุฑุฉ ุง๏ป๏ปฎุฒ๏ปณ๏บฎ: ุง๏ป๏บ๏บ๏บุฑุฉ ู ุง๏ป๏บผ๏ปจ๏บ๏ป๏บ ูุฒ๏ปณ๏บฎ ุง๏ป๏ปค๏บช๏ปณ๏บฎ๏ปณ๏บ: ๏ป๏ปฒ ูุง๏ป๏บ๏บ๏บุฑุฉ ุง๏ป๏บผ๏ปจ๏บ๏ป๏บ ๏ปฃ๏บช๏ปณ๏บฎ๏ปณ๏บ ุฃู ุง๏ป๏ปฎุฒุงุฑุฉ ๏ป๏ปฒ ูุง๏ป๏บ๏ปค๏ปฎ๏ปณ๏ปฆ ุง๏ปท๏บณ๏ปฎุงู ๏ปฃ๏บฎุง๏ป๏บ๏บ ๏ปฃ๏บช๏ปณ๏บฎ๏ปณ๏บ ุง๏ป๏ปค๏บค๏บ๏ป๏ป๏บ. ุง๏ป...,๏ปฃ๏ปจ๏บชูุจ ู๏บ๏บค๏ป๏ปฎุฑ ุง๏ป๏ปฎุฒุงุฑุฉ ๏บ๏ปค๏ปฎุง๏ป๏ป๏บ ุง๏ป๏ปฎุงุฑุฏุฉ ๏ป๏ปธ๏ป๏ปด๏บ ู๏ป๏ป๏บู ุง๏ป๏บ๏ปฎุง๏บ๏บฐ ุฃู/ู ุง๏ป๏บ๏บ๏บ๏บฐุฉ ๏ป๏ป๏ปฐ ุง๏ป๏บด๏บค๏บ ๏ป๏ปค๏ป๏ปด๏บ ๏บ๏บ๏ปข โ 2 ุง๏ป๏ปฎุฒุงุฑุฉ.,ุง๏ป๏ปฌ๏บ๏บท๏ปค๏ปด๏บ ุง๏ปทุฑุฏ๏ปง๏ปด๏บ ุง๏ป๏ปค๏ปค๏ป๏ป๏บ ๏ป๏ปฒ 13/06/2011 ๏บ๏บ๏บุฑ๏ปณ๏บฆ( 827 )ุง๏ป๏บฎ๏ป๏ปข,True
instructions_80,ุชุนูููุงุช ุชุตุฏูุฑ ูุงุนุงุฏุฉ ุชุตุฏูุฑ ุงูููุงุฏ ุซูุงุฆูุฉ ุงูุงุณุชุฎุฏุงู ูุณูุฉ 2019,ุงูุชุนูููุงุช,unknown,2143,0.788,PRIMARILY_ARABIC,NO_LEGAL_TERMS,219 ุฐ ุฐ ุฐ ุงูุฌุฑูุฏุฉ ุงูุฑุณููุฉ ุชุนูููุงุช ุชุตุฐูุฑ ูุงุนุงุฏุฉ ุชุตุฐูุฑ ุงูููุงุฏ ุซูุงุฆูุฉ ุงุงูุณุชุฎุฐุงู ูุณูุฉ9106 ( ุตุงุฏุฑุฉ ูุจูุฌุจ ุงููุงุฏุฉ05 ( ) ูู ูุธุงู ุฑุฎุต ูุจุทุงูุงุช ุงุงูุณุชุฑูุงุฏ ูุงูุชุตุฐูุฑ ุฑูู001 ) ูุณูุฉ9111 ุฐ ( ุงููุจุฏุญ1 ) : ุฑุบูู ูุฒู ุงูุฒุผู...,ุณูู ูุจุฑูุณุญ ุงูุฒุตุฐูุด ูุฑุจุณูุฎูุจ โข . ุฑุจุณูุฑ ุฑูุฐูู ุงูุทูุชุ ุณูู ุฑูููู ููุฐู ุงูุทูุช ูุงููุจูุธ ุฃ ูุฎ ูุผูููุจุฏ ุงู ุซูกุจูุจ. ุฏ ูุญุฒุจุฌูุจ ุงูุทูุช : ูุจููกุจู: ุงูููุจุงู ุงูุฒุจููกุฎ 1 . . ุดูุจุฏุญ ุฑุบุงูกู ุงูุจุดูุฎ ุฃู ุงููุฅุนุบุฎ ุงููุตุฐุณุญ 1 . .,ุฑุตุฐูุดูุจ ุงูู ุณุฎุตุฎ ( ุงููุจุฏุญ17 ) : ( ูุฑู ู ูุฒู ุงูุฒุผููกูุจุฏ ุฑุผููกูุจุฏ ุฑุตุฐูุด ูุงุปุจุฏุญ ุฑุตุฐูุด ุงูููุงุฏ ููุจุงูกุฎ ุงุงูุนุฒุฎุฐุงู ุณู1 ) ูุบูุฎ1113 . ูุฒูุฑ ุงูุตูุงุนุฉ ูุงูุชุฌุงุฑุฉ ูุงูุชูููู ุฏ. ุทุงุฑู ุงุญูููุฑู,True
instructions_84,ุชุนูููุงุช ุงูุงุณุชูุฑุงุฏ ูุชุนุฏููุงุชูุง ุฑูู 109 ูุณูุฉ 2015,ุงูุชุนูููุงุช,unknown,2693,0.779,PRIMARILY_ARABIC,NO_LEGAL_TERMS,: ุง๏ป๏บด๏ปจ๏บ2015 : ุง๏ป๏ปค๏ปฎุงุฏ ๏ป๏บชุฏ17 : ุง๏ป๏บด๏บฎ๏ปณ๏บู ๏บ๏บุฑ๏ปณ๏บฆ2016-01-17 ๏ป๏บด๏ปจ๏บ ุง๏ปป๏บณ๏บ๏ปด๏บฎุงุฏ ๏บ๏ป๏ป๏ปด๏ปค๏บุช ) 2015 ๏ป๏บด๏ปจ๏บ 109 ุฑ๏ป๏ปข ๏บ๏ป๏ป๏ปด๏ปค๏บุช ู๏บ๏ป๏บช๏ปณ๏ปผ๏บ๏ปฌ๏บ( 2015 ุง๏ป๏บ๏บฎ๏ปณ๏บชุฉ ุฑ๏ป๏ปข5377 ุง๏ป๏บผ๏ป๏บค๏บ115 ุง๏ป๏บ๏บุฑ๏ปณ๏บฆ2016-01-17 ( 1 ) ุง๏ป๏ปค๏บุฏุฉ ุง๏ป๏บฎ๏บณ๏ปค๏ปด๏บ. ุง๏ป๏บ๏บฎ๏ปณ๏บชุฉ ๏ป๏ปฒ ๏ปง๏บธ๏บฎ๏ปซ...,ุง๏ป๏บ๏ปค๏บุฑู ๏ปง๏ป๏บู ๏ปฃ๏ป ุง๏ป๏ป๏บ๏บฎู๏ปง๏ปด๏บู ุง๏ป๏ปค๏บฎ๏บ๏ปฎุท ุง๏ปป๏ป๏ป๏บ๏บฎู๏ปง๏ปด๏บ ุง๏ป๏ปค๏บด๏บ๏ปฎุฑุฏ ๏บ๏ป๏บ๏ป๏บ ๏ปง๏ป๏บู ๏ป๏ป๏ปฐ ุง๏ป๏ปค๏บด๏บ๏ปฎุฑุฏ ๏บ๏บด๏บ๏ปด๏ป ๏ปฃ๏ปฆ ุง๏ป๏บ๏บ๏ป๏บช-,ุง๏ป๏ปฌ๏บ๏บท๏ปค๏ปด๏บ ุง๏ปทุฑุฏ๏ปง๏ปด๏บ ุง๏ป๏ปค๏ปค๏ป๏ป๏บ ๏ป๏ปฒ 13/06/2011 ๏บ๏บ๏บุฑ๏ปณ๏บฆ( 827 )ุง๏ป๏บฎ๏ป๏ปข,True
instructions_90,ุชุนูููุงุช ููุงุนุฏ ุณููู ูููุฉ ูููุงุก ุงูุงุนุณุงุฑ ูุขุฏุงุจูุง ููุนุงููุฑ ุฌูุฏุชูุง ูุณูุฉ 2020,ุงูุชุนูููุงุช,unknown,663,0.793,PRIMARILY_ARABIC,NO_LEGAL_TERMS,3119ู ุงูุฌุฎูุฌุฉ ุงูุฎุณุณูุฉ ุฑุผููกูุจุฏ ููุงุปุฐ ุทููู ูููุฎ ูู ูููู ุงูุก ู ุงุงูุปุธุจุฑ ุข ุฏุงุซูุจ ููุผุจูุฑู ุฎูุฏุฑูุจ ูุธ ููููููู ูุฎ 202 0 ( ุตุจุฏุฑุญ ูุจูุฎุช ุงุญูุจู ุงุฏูุจุฏุญ02 (ู )/ุฌ01 ( ู/ุฉ) ูู ูุธุจู ุงุงูุปุธุจุฑ ุฑู2 ) ูุธูุฎ0201 ( ุญููุฎูุณ0 ) :...,2 . ููุญูู ูุญูุงูุญุซู ูุธููุงูคู ูููุงุบ ููุงุธูู ููุฎูุญุทุงู ู ูููุญุทุงู ุญูุงูููุงุด ูุญุซุง . ููููุผ 1 . . ูุฑูู ุปูุฎูฃุด ุญููุฟู ุญููุผุธุฎู ููข ูุฎูู ุญููุฎ 3120ู ุงูุฌุฎูุฌุฉ ุงูุฎุณุณูุฉ ( ุญููุฎูุณ4 ) : ุปูู ูููคู ุญ,ููุญููุธุฎ ููู ุฌู ููููููููููููููููููููู ุฎ ู ูู ูููู ููู ุงูุก ุงุงูุปุธ ููู ุจุฑ ููู,True
instructions_91,ุชุนูููุงุช ุงูุฑูุงุจุฉ ุนูู ูููุงุก ุงูุงุนุณุงุฑ ุงููุฑุฎุตูู ูุณูุฉ 2020,ุงูุชุนูููุงุช,unknown,785,0.757,PRIMARILY_ARABIC,,ูกูงูฉูก๏๏ ูกูงูฉูก ๏บ๏ป๏ป๏ปด๏ปค๏บ๏บ ๏บ๏ป๏บฎ๏ป๏บ๏บ๏บ ๏ป๏ป๏ปฐ ๏ปญ๏ป๏ปผุก ๏บ๏ปป๏ป๏บด๏บ๏บญ ๏บ๏ณ๏บฎ๏บง๏บผ๏ฒ ๏ป๏บด๏ปจ๏บ ููขููข ) ๏บป๏บ๏บฉ๏บญ ๏ฒ๏ปฎ๏บ๏บ ๏บ๏บฃ๏ป๏บ๏ปก ๏บ๏ณ๏ปฎ๏บ๏บฉ ููก) /๏ปซู( ๏ปญ ูฃูก) /๏บู( ๏ปญ ูคูฅ ( ๏ปฃ๏ปฆ ๏ปง๏ป๏บ๏ปก ๏บ๏ปป๏ป๏บด๏บ๏บญ ๏บญ๏ป๏ปข ูจ ๏ป๏บด๏ปจ๏บ ูฉูกููข ) ุงููุงุฏุฉ ูก ( : ุชุณูู ูุฐู ุงูุชุนูููุงุช ) ุชุนูููุงุช ุงูุฑูุงุจุฉ ุนูู ู...,ูุชุณุฏูุฏ ุงูุชุฒุงูุงุชูุง ููููุง ู๏ปบุฌุฑุงุกุงุช ุงููุญุฏุฏุฉ ููู ุฒ - ุฅูุฏุงุน ุง๏ปปููุงู ุงูุชู ุชุณูููุง ุจ ุง ุณู ุงููุฏูู ุงู ุงูุฎุงุตุฉ ุจุงููุฏูู ูุฏู ุจ ู. ู ุชูุงูู ุนููู ุงููุญููุฉ ุณ - .,ูููู ุง๏ปนุนุณ ูุง ุง ุนุชุจุงุฑู ูุง( . ) ุงููุงุฏุฉ ูฉ: ( ููุฌูุฉ ุจูุงุก ุนูู ุชูุณูุจ ุฑุฆูุณ ุงููุญุฏุฉ ุง ุงุฑังู ุง๏ปนุนุณังุฉ ูููังุฉ ูุฎุงููังู ุญุงูังุฉ ูังุชุฎุงุฐ ุงุญุฏ ุง๏ปนุฌุฑุงุกุงุช ุงูุชุงูู : ูููุงููู ุงู ุงูุชุดุฑูุนุงุช ุงูุตุงุฏุฑุฉ ุจููุชุถุงู ูก - ุง๏ปนูุฐุงุฑ ูข - ููู ุงูุชุฑุฎู...,False
instructions_92,ุชุนูููุงุช ุงููููุงุก ูุงููุณุทุงุก ุงูุชุฌุงุฑููู ูุณูุฉ 2004 ูุชุนุฏููุงุชูุง,ุงูุชุนูููุงุช,unknown,562,0.755,PRIMARILY_ARABIC,NO_LEGAL_TERMS,: ุง๏ป๏บด๏ปจ๏บ2004 : ุง๏ป๏ปค๏ปฎุงุฏ ๏ป๏บชุฏ11 : ุง๏ป๏บด๏บฎ๏ปณ๏บู ๏บ๏บุฑ๏ปณ๏บฆ2004-11-01 ุง๏ป๏บ๏บ๏บุฑ๏ปณ๏ปด๏ปฆ ูุง๏ป๏ปฎ๏บณ๏ป๏บุก ุง๏ป๏ปฎ๏ป๏ปผุก ๏บ๏ป๏ป๏ปด๏ปค๏บุช ) 2004 ๏ป๏บด๏ปจ๏บ ๏บ๏ป๏ป๏ปด๏ปค๏บุช ู๏บ๏ป๏บช๏ปณ๏ปผ๏บ๏ปฌ๏บ( 2004 ๏ป๏บด๏ปจ๏บ ุง๏ป๏บ๏บฎ๏ปณ๏บชุฉ ุฑ๏ป๏ปข4682 ุง๏ป๏บผ๏ป๏บค๏บ5147 ุง๏ป๏บ๏บุฑ๏ปณ๏บฆ2004-11-01 ( 1 ) ุง๏ป๏ปค๏บุฏุฉ ุง๏ป๏ป๏ปค๏ป ู๏บ๏บชุก ุง๏ป๏บ...,ุง๏ป๏ปค๏ปฎ๏ป๏ป ๏บ๏ป๏บช ๏ป๏ปฒ ุง๏ป๏บ๏บ๏บุฑุฉ ๏ป๏บฎู ๏ปฃ๏ปฆ ุงู ุง๏ป๏ป๏บชู ๏ป๏บ๏บ๏บ ๏ปฃ๏ปฆ . ุฃ . ูุง๏ป๏ปค๏บด๏บ๏ปจ๏บชุงุช ุง๏ป๏ปฎ๏บ๏บ๏บ๏ป ๏ป๏ป๏ปฐ ุง๏ป๏บ๏บผ๏บช๏ปณ๏ป ๏ป๏ป๏บ๏ปณ๏บุช ๏ปฃ๏ป๏บ๏ปฃ๏ปฌ๏บ ๏บ๏ป๏ปฎู ๏บ๏ปฌ๏บ ุง๏ปณ๏บ ุงู ุง๏ป๏ปค๏ปฎ๏ป๏ป ๏บ๏ป๏บช ๏ป๏ปฒ ุง๏ปปุฑุฏ๏ปง๏ปด๏บ ุง๏ป๏บด๏ป๏บุฑุฉ ๏ปฃ๏ปฆ ุจ. .,ุง๏ป๏ปฌ๏บ๏บท๏ปค๏ปด๏บ ุง๏ปทุฑุฏ๏ปง๏ปด๏บ ุง๏ป๏ปค๏ปค๏ป๏ป๏บ ๏ป๏ปฒ 13/06/2011 ๏บ๏บ๏บุฑ๏ปณ๏บฆ( 827 )ุง๏ป๏บฎ๏ป๏ปข,True
instructions_94,ุชุนูููุงุช ุงูุฑูุงุจุฉ ูุงูุณูุทุฑุฉ ูุชูููุฐ ูุฑุงุฑ ุชุจุณูุท ููุงุนุฏ ุงูููุดุฃ ููุชุตุฏูุฑ ููุงุชุญุงุฏ ุงูุงูุฑูุจู ุฑูู 1 ุณูุฉ 2019,ุงูุชุนูููุงุช,unknown,1592,0.0,PRIMARILY_ENGLISH,"LOW_ARABIC, NO_LEGAL_TERMS",re Se [8294 dail My lly cyt 0M) alas ol pttucld Lani) ld Lace Bah VO VA/9 aly Seat s00l deed yd) ASN pall deka oslo coll abiniaailly Byaleall Vo VU/M/NG Sats Fo VV/ยฅ eoagg F 5 VV/V/N% Soatgld FO N9/1)...,e AB A 9 Fi ply ยซeen pd ab Ande ple Ail gall pres Lubd einoall Costa) y Labi) 5) gd Gear gt aby dade pas gf Amie ol pes cual OA As Line ABS 5 Agia) Dylan) ยซfaall 5139 ยซcal gall Bl isll capa le FLY Qin...,eG IGT) SLAY gl) putt Ldadall a6 1 gb Sonat 18 2geal) gyla.a lgatatallg 5 shanillg Asbinaall at59,True
instructions_97,ุชุนูููุงุช ุชูุฒูุน ุงูููุงุฏ ุงูุนูููุฉ ( ุงูุดุนูุฑ ูุงููุฎุงูุฉ ) ููุฑุจู ุงูุซุฑูุฉ ุงูุญููุงููุฉ ุตุงุฏุฑุฉ ุจุงูุฅุณุชูุงุฏ ููุต ุงููุงุฏุฉ 21 ูู ูุงููู ุงูุตูุงุนุฉ ูุงูุชุฌุงุฑุฉ ุฑูู 18 ูุณูุฉ 1998,ุงูุชุนูููุงุช,unknown,628,0.798,PRIMARILY_ARABIC,,ุชุนูููุงุช ุชูุฒูุน ุงูููุงุฏ ุงูุนูููุฉ (ุงูุดุนูุฑ ูุงููุฎุงูุฉ) ููุฑุจู ุงูุซุฑูุฉ ุงูุญููุงููุฉ ( ุตุงุฏุฑุฉ ุจุงุงูุณุชูุงุฏ ููุต ุงููุงุฏุฉ12 ( ) ูู ูุงููู ุงูุตูุงุนุฉ ูุงูุชุฌุงุฑุฉ ุฑูู21 ) ูุณูุฉ2991 ( ุงุณุชูุงุฏุงู ุฃูุญูุงู ุงููุงุฏุฉ12) ูู ูุงููู ุงูุตูุงุนุฉ ( ูุงูุชุฌ...,9- ุชุชู ูุตุงุฏุฑุฉ ุจุทุงูุฉ ูู ูู ูุซุจุช ุงูู ูุงู ุจุงููุชุงุฌุฑุฉ ุจูุงุฏ,5- ุชููู ูู ูู ูุฏูุฑูุฉ ุงูุดุคูู ุงููุงููุฉ ููุฏูุฑูุฉ ุฅุฏุงุฑุฉ ุงููุฎุฒูู ููุฏูุฑูุฉ ุงูุฑูุงุจุฉ ุงูุฏุงุฎููุฉ ููุฏูุฑูุฉ ุงูุชุฌุงุฑุฉ ูุชุงุจุนุฉ ุชูููุฐ ูุฐู ุงูุชุนูููุงุช .,False
instructions_98,ุชุนูููุงุช ูุฑุงูุจุฉ ุงููุฎุฒูู,ุงูุชุนูููุงุช,unknown,666,0.744,PRIMARILY_ARABIC,,ุชุนูููุงุช ูุฑุงูุจุฉ ุงููุฎุฒูู ุงุณุชูุงุฏุงู ุงูุญูุงู ( ุงููุงุฏุฉ8 ) ูู ูุงููู ุงูุตูุงุนุฉ ูุงูุชุฌุงุฑุฉ ุฑูู ( 18 ) ูุณูุฉ 1998 ูุชุนุฏูุงูุชู ูุฑุฑุช ุงุตุฏุงุฑ ุงูุชุนูููุงุช ุงูุชุงููุฉ ููุฑุงูุจุฉ ุงููุฎุฒูู ูู ุงูููุงุฏ ุงุงูุณุงุณูุฉ ูุงููุฎุฒูู ุงุงูุณุชุฑุงุชูุฌู ูุงูุชู ู...,๏บ๏บด๏บ๏ปฌ๏ปผ๏ป ๏บ๏ป๏ปค๏ปค๏ป๏ป๏บ ๏ปค๏ปฅ ๏ปซ๏บซ๏ปฉ ๏บ๏ป๏ปคู๏ปญ๏บ๏บฉ ๏บธ๏ปฌ๏บญ๏ปด๏บ๏นฐ ๏ปญ๏บด๏ปจ๏ปญ๏ปด๏บ๏นฐ . 2 . ๏บ๏ป๏บ๏บ๏ป๏บฉ ๏ปค๏ปฅ ๏บ๏ปญ๏ป๏บญ ๏บ๏ป๏ป๏ปค๏ปด๏บ๏บ ๏ปญ๏บซ๏ป๏ป ๏ปค๏ปฅ ๏บจ๏ปผู ๏บ๏ป๏บค๏บผ๏ปญู ๏ป๏ป๏ปฐ ๏บ๏ป๏บ๏บญ๏ปด๏บญ ๏ปจ๏บผ๏ป ๏บธ๏ปฌ๏บญ๏ปด๏บ ๏ปค๏ปฅ ๏ปจ๏ป๏บ๏บ๏บ ๏บ๏บ๏บ๏บญ ๏บ๏ป๏ปค๏ปญ๏บ๏บฉ ๏บ๏ป๏ป๏บซ๏บ๏บ๏ปด๏บ ๏ปญ๏บ๏ป๏ปค๏บด๏บ๏ปญ๏บญ๏บฉ๏ปด๏ปฅ ๏บ๏บธ๏ปู ๏ปค๏บ๏บ๏บธ๏บญ ๏บ๏ปฅ ๏ป๏บฏ๏ปก ๏บซ๏ป๏ป ๏ปญ๏บฏ๏ปด๏บ๏บญ๏บ ๏ปค๏บด๏บ๏ปญ๏บฉ๏ป๏บ๏บ ๏บ๏ป๏ปค๏บด๏บ๏ปญ...,๏บ - ๏ป๏ป๏ปฐ ๏บ๏ปค๏ปด๏ป ๏บ๏ป๏ปค๏บฉ๏บญ๏บ๏บ ๏บ๏ป๏ปค๏ป๏ปจ๏ปด๏ปด๏ปฅ ๏บ๏ป๏บ๏ปจ๏บด๏ปด๏ป ๏ปค๏บ๏บ๏บธ๏บญ๏บ ๏บ๏ปฌ๏บซ๏บ ๏บ๏ป๏บจ๏บผ๏ปญ๏บน ๏ปค๏ป ๏ปค๏บด๏บ๏ป๏บฉ ๏บ๏ปป๏ปค๏ปด๏ปฅ ๏บ๏ป๏ป๏บ๏ปก ๏ป๏บธ๏บ๏ปญ๏ปฅ ๏บ๏ป๏บ๏ปคู๏ปญ๏ปด๏ปฅ ๏ปญ๏บ๏ป๏บ๏ป๏ปด๏บฉ ๏บ๏ป๏บ๏บ๏ปก ๏บ๏ปค๏ป๏ปค๏ปญ๏ปฅ ๏ปซ๏บซ๏ปฉ ๏บ๏ป๏บ๏ป๏ป๏ปด๏ปค๏บ๏บ .,False
